Easting,Northing,Clan,Count,Date,Year,Month,Day,Time
747672,9835597,TW,2,7/1/2012,2012,7,1,6:51
749082,9834896,TW,5,7/1/2012,2012,7,1,6:56
720930,9849994,SN,1,7/1/2012,2012,7,1,6:20
720921,9850564,SN,1,7/1/2012,2012,7,1,7:28
749030,9836442,TW,1,7/2/2012,2012,7,2,8:14
749072,9836818,TW,1,7/2/2012,2012,7,2,8:16
750544,9837776,TW,1,7/2/2012,2012,7,2,8:23
749028,9836453,TW,2,7/2/2012,2012,7,2,17:12
746269,9838353,TW,1,7/2/2012,2012,7,2,18:32
744432,9840047,TW,1,7/2/2012,2012,7,2,18:40
743755,9840163,TW,1,7/2/2012,2012,7,2,18:42
742032,9840414,FT,2,7/2/2012,2012,7,2,19:17
749138,9837259,TW,2,7/3/2012,2012,7,3,18:58
741603,9840958,FT,2,7/3/2012,2012,7,3,18:45
723573,9847194,SN,2,7/3/2012,2012,7,3,17:23
721924,9847696,SN,2,7/3/2012,2012,7,3,17:31
725179,9843638,SS,1,7/3/2012,2012,7,3,5:57
726810,9842190,SS,2,7/3/2012,2012,7,3,8:04
747371,9836013,TW,1,7/4/2012,2012,7,4,6:29
726298,9842460,SS,1,7/4/2012,2012,7,4,6:23
727202,9842261,SS,1,7/4/2012,2012,7,4,8:17
725305,9843366,SS,1,7/4/2012,2012,7,4,17:09
747797,9836633,TW,2,7/5/2012,2012,7,5,7:43
747797,9836633,TW,2,7/5/2012,2012,7,5,17:56
724475,9845876,SN,1,7/5/2012,2012,7,5,7:18
724529,9846377,SN,1,7/5/2012,2012,7,5,7:20
748032,9837647,TW,1,7/6/2012,2012,7,6,6:39
750603,9837788,TW,2,7/6/2012,2012,7,6,8:29
744307,9838557,TW,1,7/6/2012,2012,7,6,17:49
743521,9838480,TW,1,7/7/2012,2012,7,7,7:44
741835,9840430,FT,1,7/7/2012,2012,7,7,7:26
728111,9840724,SS,1,7/8/2012,2012,7,8,8:28
727145,9842350,SS,1,7/8/2012,2012,7,8,8:50
744962,9839590,TW,1,7/9/2012,2012,7,9,18:42
745793,9838501,TW,1,7/9/2012,2012,7,9,18:50
751870,9837590,TW,1,7/9/2012,2012,7,9,20:09
733176,9842198,MR,1,7/9/2012,2012,7,9,8:05
748359,9837106,TW,1,7/10/2012,2012,7,10,6:46
744333,9840655,TW,5,7/10/2012,2012,7,10,7:42
726897,9842042,SS,2,7/10/2012,2012,7,10,6:29
745088,9838043,TW,1,7/11/2012,2012,7,11,17:50
725109,9844676,SN,2,7/11/2012,2012,7,11,5:52
727558,9840214,SS,1,7/11/2012,2012,7,11,6:59
746604,9838360,TW,2,7/12/2012,2012,7,12,6:35
744928,9839377,TW,3,7/12/2012,2012,7,12,6:42
744665,9839867,TW,1,7/12/2012,2012,7,12,7:26
744060,9838960,TW,1,7/12/2012,2012,7,12,7:54
744978,9839448,TW,1,7/12/2012,2012,7,12,8:09
725176,9842435,SS,2,7/13/2012,2012,7,13,6:39
726855,9842167,SS,2,7/13/2012,2012,7,13,8:32
725305,9843366,SS,2,7/13/2012,2012,7,13,8:59
748590,9836706,TW,1,7/14/2012,2012,7,14,8:30
751530,9837604,TW,2,7/14/2012,2012,7,14,8:48
745901,9838492,TW,1,7/14/2012,2012,7,14,17:38
748846,9836820,TW,2,7/14/2012,2012,7,14,18:29
728448,9840838,SS,1,7/14/2012,2012,7,14,17:42
727479,9841898,SS,1,7/14/2012,2012,7,14,18:44
751530,9837604,TW,1,7/15/2012,2012,7,15,8:59
723224,9844866,SN,2,7/15/2012,2012,7,15,6:00
749836,9834221,TW,1,7/16/2012,2012,7,16,7:41
748222,9836706,TW,1,7/16/2012,2012,7,16,8:20
745815,9838498,TW,1,7/16/2012,2012,7,16,18:22
742332,9840956,FT,1,7/16/2012,2012,7,16,18:31
744790,9838518,TW,1,7/17/2012,2012,7,17,8:11
743774,9840150,TW,2,7/17/2012,2012,7,17,19:43
741956,9841178,FT,1,7/17/2012,2012,7,17,7:53
720751,9851603,SN,1,7/17/2012,2012,7,17,18:08
748051,9836664,TW,2,7/18/2012,2012,7,18,7:12
749074,9836624,TW,2,7/18/2012,2012,7,18,7:30
725217,9842489,SS,1,7/18/2012,2012,7,18,6:11
725219,9841920,SS,1,7/18/2012,2012,7,18,6:13
724557,9846262,SN,1,7/19/2012,2012,7,19,17:04
748961,9836296,TW,2,7/20/2012,2012,7,20,7:04
737034,9852204,TW,2,7/20/2012,2012,7,20,7:28
725584,9844376,SS,2,7/20/2012,2012,7,20,8:46
748173,9836570,TW,1,7/21/2012,2012,7,21,17:49
747797,9836633,TW,2,7/21/2012,2012,7,21,18:37
743802,9840132,TW,2,7/22/2012,2012,7,22,17:59
748541,9836680,TW,2,7/22/2012,2012,7,22,18:18
726874,9842512,SS,2,7/22/2012,2012,7,22,17:39
745056,9839130,TW,1,7/24/2012,2012,7,24,17:52
743764,9840044,TW,2,7/24/2012,2012,7,24,18:01
744792,9838372,TW,1,7/24/2012,2012,7,24,18:11
748558,9836680,TW,2,7/24/2012,2012,7,24,18:50
723764,9846984,SN,1,7/24/2012,2012,7,24,6:17
722922,9840442,SS,1,7/24/2012,2012,7,24,17:41
728392,9840880,SS,1,7/24/2012,2012,7,24,18:18
726525,9842438,SS,2,7/24/2012,2012,7,24,18:34
727131,9842644,SS,2,7/24/2012,2012,7,24,19:02
747371,9836013,TW,1,7/25/2012,2012,7,25,7:40
751870,9837590,TW,2,7/25/2012,2012,7,25,19:58
743856,9840070,TW,2,7/26/2012,2012,7,26,6:17
747075,9838275,TW,1,7/26/2012,2012,7,26,6:23
748415,9837764,TW,2,7/26/2012,2012,7,26,6:52
749039,9836442,TW,2,7/26/2012,2012,7,26,17:55
746269,9838353,TW,1,7/26/2012,2012,7,26,18:12
742287,9840958,FT,1,7/26/2012,2012,7,26,8:14
721834,9847328,SN,3,7/26/2012,2012,7,26,9:35
744748,9838636,TW,1,7/27/2012,2012,7,27,18:57
742577,9840849,FT,2,7/27/2012,2012,7,27,5:57
741419,9841174,FT,1,7/27/2012,2012,7,27,18:26
745536,9838556,TW,1,7/28/2012,2012,7,28,7:55
746895,9836516,TW,1,7/28/2012,2012,7,28,8:18
723522,9847278,SN,1,7/28/2012,2012,7,28,19:49
741195,9840476,FT,1,7/29/2012,2012,7,29,6:29
748846,9840331,FT,1,7/29/2012,2012,7,29,7:49
744813,9838582,TW,3,7/30/2012,2012,7,30,6:55
745450,9838556,TW,1,7/30/2012,2012,7,30,7:54
722610,9847204,SN,1,7/30/2012,2012,7,30,17:30
727209,9842004,SS,1,7/30/2012,2012,7,30,6:10
727316,9842042,SS,1,7/30/2012,2012,7,30,7:03
727105,9842368,SS,1,7/30/2012,2012,7,30,7:05
727553,9842650,SS,1,7/30/2012,2012,7,30,7:12
727185,9841364,SS,2,7/30/2012,2012,7,30,7:48
727426,9844242,SS,2,7/30/2012,2012,7,30,8:34
749908,9837570,TW,2,7/31/2012,2012,7,31,23:37
740340,9840256,FT,2,7/31/2012,2012,7,31,19:49
727944,9840680,SS,1,7/31/2012,2012,7,31,8:11
721561,9847466,SN,2,8/1/2012,2012,8,1,17:39
747292,9837536,TW,1,8/2/2012,2012,8,2,8:17
746269,9838353,TW,1,8/2/2012,2012,8,2,7:00
741325,9840418,FT,1,8/2/2012,2012,8,2,6:33
751982,9837697,TW,1,8/3/2012,2012,8,3,17:17
748222,9836706,TW,2,8/3/2012,2012,8,3,17:31
744816,9838999,TW,1,8/3/2012,2012,8,3,20:02
728347,9840748,SS,2,8/3/2012,2012,8,3,9:06
748646,9836742,TW,2,8/4/2012,2012,8,4,5:48
746265,9837236,TW,1,8/4/2012,2012,8,4,7:39
746917,9836624,TW,1,8/5/2012,2012,8,5,6:05
749045,9837076,TW,1,8/6/2012,2012,8,6,5:53
726082,9842504,SS,1,8/6/2012,2012,8,6,6:24
747977,9836641,TW,1,8/7/2012,2012,8,7,5:47
725158,9841224,SS,1,8/8/2012,2012,8,8,17:30
725305,9843366,SS,1,8/9/2012,2012,8,9,8:31
744019,9839587,TW,2,8/10/2012,2012,8,10,17:42
725036,9844660,SN,1,8/10/2012,2012,8,10,6:05
745691,9838539,TW,2,8/11/2012,2012,8,11,7:35
750701,9837805,TW,2,8/11/2012,2012,8,11,17:10
725499,9843120,SS,2,8/11/2012,2012,8,11,6:23
726361,9842466,SS,1,8/11/2012,2012,8,11,17:41
747646,9836734,TW,1,8/12/2012,2012,8,12,7:09
746530,9837867,TW,1,8/12/2012,2012,8,12,7:31
743474,9840216,TW,2,8/12/2012,2012,8,12,18:18
750705,9837805,TW,2,8/12/2012,2012,8,12,20:11
745622,9838478,TW,1,8/13/2012,2012,8,13,18:08
740467,9840287,FT,1,8/13/2012,2012,8,13,6:28
727491,9841886,SS,1,8/13/2012,2012,8,13,6:52
725319,9843084,SS,1,8/13/2012,2012,8,13,7:07
743840,9840120,TW,2,8/14/2012,2012,8,14,6:14
748610,9836574,TW,1,8/14/2012,2012,8,14,18:45
740598,9840300,FT,2,8/14/2012,2012,8,14,6:30
725305,9843366,SS,2,8/14/2012,2012,8,14,5:48
746952,9837148,TW,1,8/17/2012,2012,8,17,8:36
746952,9837148,TW,1,8/17/2012,2012,8,17,18:41
723015,9847132,SN,2,8/17/2012,2012,8,17,17:34
747083,9837084,TW,2,8/18/2012,2012,8,18,7:21
747495,9837292,TW,1,8/18/2012,2012,8,18,17:34
747634,9837096,TW,2,8/18/2012,2012,8,18,18:58
727157,9839800,SS,2,8/18/2012,2012,8,18,6:52
745541,9838590,TW,1,8/20/2012,2012,8,20,7:53
747617,9837776,TW,3,8/20/2012,2012,8,20,19:53
727948,9840986,SS,2,8/20/2012,2012,8,20,6:23
725262,9843738,SS,1,8/22/2012,2012,8,22,5:38
725455,9843178,SS,1,8/22/2012,2012,8,22,5:40
746567,9834728,TW,2,8/23/2012,2012,8,23,18:01
747292,9835782,TW,2,8/24/2012,2012,8,24,7:34
747747,9835303,TW,1,8/24/2012,2012,8,24,17:38
748560,9836678,TW,2,8/24/2012,2012,8,24,19:59
741564,9841162,FT,2,8/24/2012,2012,8,24,6:20
747887,9836762,TW,2,8/25/2012,2012,8,25,8:31
747815,9833923,TW,1,8/26/2012,2012,8,26,8:33
742725,9839428,TW,2,8/31/2012,2012,8,31,17:53
727595,9841890,SS,1,8/31/2012,2012,8,31,6:32
727191,9841260,SS,2,8/31/2012,2012,8,31,17:31
745831,9838494,TW,2,9/2/2012,2012,9,2,8:26
746037,9837552,TW,1,9/2/2012,2012,9,2,8:37
724585,9845198,SN,1,9/2/2012,2012,9,2,16:48
748571,9838100,TW,2,9/3/2012,2012,9,3,7:53
746673,9837962,TW,2,9/3/2012,2012,9,3,8:38
746883,9836630,TW,1,9/4/2012,2012,9,4,17:22
749138,9837259,TW,2,9/5/2012,2012,9,5,17:10
745018,9838398,TW,2,9/5/2012,2012,9,5,8:20
728396,9841824,SS,2,9/5/2012,2012,9,5,7:18
725305,9843366,SS,2,9/6/2012,2012,9,6,5:58
746310,9837709,TW,6,9/8/2012,2012,9,8,18:09
728071,9841490,SS,2,9/10/2012,2012,9,10,17:35
752430,9836689,TW,1,9/11/2012,2012,9,11,6:24
748531,9835250,TW,2,9/13/2012,2012,9,13,17:26
742816,9839836,FT,1,9/13/2012,2012,9,13,7:35
749658,9834052,TW,3,9/17/2012,2012,9,17,6:46
749800,9834710,TW,2,9/18/2012,2012,9,18,17:56
749282,9835354,TW,2,9/18/2012,2012,9,18,18:04
747636,9837248,TW,2,9/19/2012,2012,9,19,18:17
748596,9836896,TW,2,9/21/2012,2012,9,21,17:17
725257,9843492,SS,1,9/21/2012,2012,9,21,19:39
734194,9842046,MR,1,9/22/2012,2012,9,22,8:51
748655,9835611,TW,1,9/23/2012,2012,9,23,19:00
751211,9837866,TW,2,9/25/2012,2012,9,25,19:44
724482,9845844,SN,2,9/25/2012,2012,9,25,20:22
728008,9840542,SS,2,9/25/2012,2012,9,25,8:52
727377,9840658,SS,2,9/27/2012,2012,9,27,7:00
747852,9837406,TW,2,9/28/2012,2012,9,28,8:57
718454,9840758,HZ,2,9/29/2012,2012,9,29,6:26
718631,9840714,HZ,2,9/29/2012,2012,9,29,6:35
749715,9835059,TW,1,9/30/2012,2012,9,30,7:00
721023,9847008,SN,2,10/1/2012,2012,10,1,19:21
748591,9836193,TW,2,10/8/2012,2012,10,8,8:37
747868,9833676,TW,2,10/11/2012,2012,10,11,18:34
733197,9842221,MR,2,10/11/2012,2012,10,11,7:16
733185,9842212,MR,1,10/11/2012,2012,10,11,7:17
744979,9839149,TW,2,10/12/2012,2012,10,12,7:15
746523,9834858,TW,1,10/12/2012,2012,10,12,7:48
746541,9838136,TW,1,10/15/2012,2012,10,15,19:17
718127,9842458,HZ,1,10/16/2012,2012,10,16,6:04
751738,9837592,TW,2,10/18/2012,2012,10,18,5:38
751530,9837604,TW,2,10/18/2012,2012,10,18,17:13
749852,9835072,TW,2,10/18/2012,2012,10,18,7:56
744354,9840015,TW,2,10/18/2012,2012,10,18,17:38
725285,9842790,SS,2,10/18/2012,2012,10,18,17:16
747008,9835842,TW,2,10/19/2012,2012,10,19,6:56
740436,9844823,FT,5,10/19/2012,2012,10,19,5:49
749482,9834506,TW,1,10/20/2012,2012,10,20,7:06
747880,9835456,TW,1,10/20/2012,2012,10,20,6:31
742866,9839244,TW,2,10/20/2012,2012,10,20,18:36
742185,9840429,FT,1,10/20/2012,2012,10,20,6:25
725109,9842346,SS,2,10/20/2012,2012,10,20,19:15
725278,9843780,SS,2,10/20/2012,2012,10,20,19:18
746397,9838510,TW,1,10/22/2012,2012,10,22,17:33
743262,9839242,TW,2,10/22/2012,2012,10,22,7:55
750339,9834710,TW,1,10/22/2012,2012,10,22,18:02
746719,9836884,TW,1,10/22/2012,2012,10,22,18:57
723036,9844844,SN,2,10/22/2012,2012,10,22,20:48
726291,9842340,SS,2,10/22/2012,2012,10,22,8:26
744971,9839348,TW,2,10/24/2012,2012,10,24,17:32
747371,9836013,TW,2,10/24/2012,2012,10,24,7:29
744723,9839532,TW,1,10/25/2012,2012,10,25,16:31
734932,9842156,MR,2,10/25/2012,2012,10,25,17:28
744923,9839381,TW,1,10/27/2012,2012,10,27,6:51
746480,9837701,TW,1,10/29/2012,2012,10,29,18:10
744307,9838557,TW,2,11/4/2012,2012,11,4,17:53
725327,9843114,SS,1,11/5/2012,2012,11,5,17:19
716408,9842522,HZ,2,11/5/2012,2012,11,5,7:21
720405,9847540,SN,2,11/6/2012,2012,11,6,16:50
747426,9835726,TW,1,11/7/2012,2012,11,7,7:27
720649,9848306,SN,2,11/8/2012,2012,11,8,5:41
720191,9847503,SN,2,11/8/2012,2012,11,8,7:46
718915,9838336,HZ,2,11/8/2012,2012,11,8,7:49
746269,9838353,TW,2,11/10/2012,2012,11,10,18:53
723779,9846949,SN,2,11/10/2012,2012,11,10,17:09
720736,9847537,SN,2,11/10/2012,2012,11,10,17:19
748084,9834812,TW,2,11/11/2012,2012,11,11,17:57
729866,9839526,MR,2,11/11/2012,2012,11,11,7:18
733629,9842152,MR,2,11/11/2012,2012,11,11,8:09
726227,9842512,SS,1,11/11/2012,2012,11,11,17:28
727500,9841128,SS,2,11/11/2012,2012,11,11,17:50
748966,9836498,TW,1,11/12/2012,2012,11,12,7:08
746587,9837065,TW,1,11/12/2012,2012,11,12,19:07
721017,9847409,SN,2,11/12/2012,2012,11,12,16:15
724522,9846764,SN,5,11/12/2012,2012,11,12,19:20
747317,9834650,TW,2,11/14/2012,2012,11,14,7:40
727377,9840658,SS,2,11/14/2012,2012,11,14,17:29
718836,9836858,HZ,2,11/14/2012,2012,11,14,6:03
719588,9838739,HZ,2,11/14/2012,2012,11,14,6:15
718854,9840365,HZ,2,11/14/2012,2012,11,14,8:28
731497,9841193,MR,3,11/15/2012,2012,11,15,6:17
730098,9838645,MR,3,11/15/2012,2012,11,15,6:59
731445,9841719,MR,2,11/15/2012,2012,11,15,7:25
745180,9839178,TW,1,11/16/2012,2012,11,16,19:33
726796,9841038,SS,2,11/17/2012,2012,11,17,5:56
727379,9840255,SS,2,11/17/2012,2012,11,17,6:37
719151,9838326,HZ,2,11/17/2012,2012,11,17,7:27
746729,9837810,TW,1,11/18/2012,2012,11,18,7:51
726907,9840336,SS,2,11/18/2012,2012,11,18,17:58
726866,9840528,SS,2,11/18/2012,2012,11,18,18:12
726560,9840388,SS,2,11/18/2012,2012,11,18,18:35
718735,9837818,HZ,2,11/19/2012,2012,11,19,18:01
745159,9838256,TW,2,11/20/2012,2012,11,20,18:27
726299,9842427,SS,2,11/21/2012,2012,11,21,8:31
721106,9847572,SN,1,11/22/2012,2012,11,22,7:34
721279,9848216,SN,1,11/22/2012,2012,11,22,7:39
751530,9837604,TW,1,11/24/2012,2012,11,24,20:11
727861,9840408,SS,2,11/24/2012,2012,11,24,5:53
745625,9838460,TW,4,11/25/2012,2012,11,25,6:10
751530,9837604,TW,4,11/25/2012,2012,11,25,20:33
738351,9837958,FT,1,11/25/2012,2012,11,25,18:32
745902,9838926,TW,1,11/26/2012,2012,11,26,19:22
732038,9840270,MR,2,11/26/2012,2012,11,26,7:00
733616,9842009,MR,3,11/26/2012,2012,11,26,7:34
724516,9846064,SN,1,11/26/2012,2012,11,26,17:03
727333,9840695,SS,2,11/26/2012,2012,11,26,6:25
748444,9836207,TW,2,11/27/2012,2012,11,27,6:24
751530,9837604,TW,4,11/27/2012,2012,11,27,21:04
746015,9838830,TW,1,11/28/2012,2012,11,28,19:01
724237,9846903,SN,2,11/28/2012,2012,11,28,20:13
751237,9837775,TW,1,11/29/2012,2012,11,29,19:52
745380,9838028,TW,2,11/30/2012,2012,11,30,6:44
743008,9839070,TW,2,11/30/2012,2012,11,30,18:21
743799,9839368,TW,2,12/2/2012,2012,12,2,17:53
746952,9837148,TW,3,12/4/2012,2012,12,4,17:44
747112,9837124,TW,1,12/4/2012,2012,12,4,17:42
720697,9843978,HZ,1,12/4/2012,2012,12,4,17:15
746554,9837416,TW,2,12/5/2012,2012,12,5,17:33
731462,9841624,MR,2,12/5/2012,2012,12,5,7:07
733627,9842016,MR,2,12/5/2012,2012,12,5,7:39
727333,9840695,SS,2,12/5/2012,2012,12,5,7:21
746997,9836480,TW,5,12/6/2012,2012,12,6,7:36
743032,9839766,TW,2,12/7/2012,2012,12,7,6:41
742728,9839113,TW,2,12/7/2012,2012,12,7,6:44
728038,9840767,SS,2,12/8/2012,2012,12,8,17:35
726966,9841424,SS,2,12/8/2012,2012,12,8,17:59
724332,9846841,SN,3,12/10/2012,2012,12,10,17:09
748705,9836765,TW,2,12/13/2012,2012,12,13,17:17
718525,9838312,HZ,1,12/13/2012,2012,12,13,17:45
746673,9837962,TW,2,12/14/2012,2012,12,14,17:39
747055,9836676,TW,3,12/14/2012,2012,12,14,17:30
747659,9836656,TW,1,12/14/2012,2012,12,14,20:25
724408,9846810,SN,1,12/14/2012,2012,12,14,17:06
720752,9847591,SN,3,12/14/2012,2012,12,14,18:43
747036,9836603,TW,3,12/15/2012,2012,12,15,6:35
745698,9837678,TW,1,12/16/2012,2012,12,16,6:07
747057,9836717,TW,1,12/16/2012,2012,12,16,7:55
748864,9836139,TW,2,12/16/2012,2012,12,16,9:02
748325,9836668,TW,2,12/16/2012,2012,12,16,17:18
724583,9845392,SN,1,12/16/2012,2012,12,16,5:35
747319,9836899,TW,3,12/17/2012,2012,12,17,6:05
743169,9840021,TW,2,12/18/2012,2012,12,18,18:51
747079,9836105,TW,1,12/19/2012,2012,12,19,7:07
721071,9847575,SN,2,12/19/2012,2012,12,19,5:57
721406,9847510,SN,2,12/19/2012,2012,12,19,8:08
747611,9836360,TW,2,12/21/2012,2012,12,21,7:17
748625,9835726,TW,2,12/21/2012,2012,12,21,17:21
747086,9836196,TW,2,12/22/2012,2012,12,22,7:22
747927,9837670,TW,2,12/27/2012,2012,12,27,17:39
743266,9837978,TW,2,12/28/2012,2012,12,28,7:20
747230,9834231,TW,2,12/28/2012,2012,12,28,17:55
754971,9831039,TW,2,12/29/2012,2012,12,29,4:17
750742,9837670,TW,2,12/29/2012,2012,12,29,17:14
746479,9836166,TW,1,12/29/2012,2012,12,29,17:37
719089,9842605,HZ,1,12/29/2012,2012,12,29,7:31
745333,9838112,TW,3,12/30/2012,2012,12,30,6:22
731087,9840672,MR,1,12/30/2012,2012,12,30,7:39
724535,9846756,SN,1,1/3/2013,2013,1,3,9:47
724439,9846795,SN,5,1/3/2013,2013,1,3,10:01
727788,9841350,SS,2,1/3/2013,2013,1,3,9:07
745885,9837608,TW,5,1/5/2013,2013,1,5,18:30
747432,9837579,TW,2,1/5/2013,2013,1,5,17:44
747579,9837618,TW,2,1/5/2013,2013,1,5,17:57
745100,9839181,TW,2,1/10/2013,2013,1,10,17:51
744714,9839554,TW,2,1/10/2013,2013,1,10,17:55
738064,9841267,FT,2,1/10/2013,2013,1,10,18:39
727916,9840748,SS,2,1/10/2013,2013,1,10,7:51
727788,9841350,SS,1,1/10/2013,2013,1,10,9:48
721016,9847386,SN,1,1/11/2013,2013,1,11,18:13
751273,9837742,TW,2,1/12/2013,2013,1,12,5:40
744407,9840450,TW,2,1/12/2013,2013,1,12,7:20
744662,9839744,TW,2,1/12/2013,2013,1,12,7:56
749138,9837259,TW,2,1/12/2013,2013,1,12,17:02
727019,9841472,SS,1,1/12/2013,2013,1,12,17:44
748783,9834960,TW,1,1/13/2013,2013,1,13,19:02
722816,9846668,SN,1,1/13/2013,2013,1,13,7:06
721834,9847328,SN ,2,1/13/2013,2013,1,13,8:34
745485,9838624,TW,5,1/14/2013,2013,1,14,17:42
748967,9837080,TW,2,1/14/2013,2013,1,14,18:42
745134,9839164,TW,1,1/15/2013,2013,1,15,5:23
733531,9841992,MR,3,1/15/2013,2013,1,15,7:09
746840,9837425,TW,2,1/16/2013,2013,1,16,17:50
746269,9838353,TW,2,1/16/2013,2013,1,16,18:14
727384,9844076,SS,3,1/16/2013,2013,1,16,8:14
721032,9846873,SN,2,1/17/2013,2013,1,17,8:47
746208,9838996,TW,4,1/18/2013,2013,1,18,6:25
745178,9839118,TW,2,1/19/2013,2013,1,19,6:56
747797,9836633,TW,3,1/20/2013,2013,1,20,17:23
744572,9839925,TW,1,1/20/2013,2013,1,20,18:25
746175,9838690,TW,4,1/20/2013,2013,1,20,18:55
744233,9838810,TW,2,1/21/2013,2013,1,21,7:13
745218,9839364,TW,2,1/21/2013,2013,1,21,18:05
751530,9837604,TW,1,1/21/2013,2013,1,21,20:28
724516,9845633,SN,1,1/22/2013,2013,1,22,17:05
744412,9839322,TW,2,1/24/2013,2013,1,24,8:06
744163,9839819,TW,2,1/25/2013,2013,1,25,17:57
745757,9839525,TW,2,1/26/2013,2013,1,26,6:45
744889,9839801,TW,2,1/26/2013,2013,1,26,6:55
743521,9838480,TW,1,1/26/2013,2013,1,26,7:19
745310,9838783,TW,2,1/26/2013,2013,1,26,18:31
746269,9838353,TW,1,1/27/2013,2013,1,27,19:44
746713,9836969,TW,5,1/28/2013,2013,1,28,7:27
747665,9836574,TW,4,1/28/2013,2013,1,28,17:32
744721,9835589,TW,1,1/28/2013,2013,1,28,17:52
733605,9842058,MR,3,1/29/2013,2013,1,29,6:13
731087,9840672,MR,2,1/29/2013,2013,1,29,6:38
731263,9841492,MR,1,1/29/2013,2013,1,29,6:42
733680,9842334,MR,2,1/29/2013,2013,1,29,7:39
731565,9840700,MR,2,1/29/2013,2013,1,29,8:31
722611,9847004,SN,1,1/29/2013,2013,1,29,17:06
745698,9837678,TW,1,1/30/2013,2013,1,30,18:25
723095,9847130,SN,2,1/31/2013,2013,1,31,18:23
720449,9847591,SN ,2,1/31/2013,2013,1,31,18:36
721079,9847618,SN,2,2/1/2013,2013,2,1,7:06
720795,9847545,SN,2,2/1/2013,2013,2,1,17:37
727585,9841046,SS,2,2/2/2013,2013,2,2,18:07
723044,9846714,SN,2,2/3/2013,2013,2,3,8:50
720618,9847590,SN,2,2/3/2013,2013,2,3,17:41
748574,9838034,TW,2,2/4/2013,2013,2,4,5:54
744801,9838492,TW,1,2/4/2013,2013,2,4,7:11
751530,9837604,TW,1,2/4/2013,2013,2,4,20:22
749351,9834286,TW,1,2/4/2013,2013,2,4,18:11
746762,9836584,TW,5,2/4/2013,2013,2,4,18:28
744665,9839790,TW,2,2/4/2013,2013,2,4,18:59
751279,9837732,TW,1,2/4/2013,2013,2,4,20:38
724473,9846778,SN,1,2/4/2013,2013,2,4,9:02
744267,9839664,TW,2,2/5/2013,2013,2,5,18:53
721097,9847686,SN,2,2/5/2013,2013,2,5,18:47
727064,9842382,SS,2,2/5/2013,2013,2,5,9:03
726912,9842478,SS,1,2/5/2013,2013,2,5,9:45
719940,9838992,HZ,2,2/5/2013,2013,2,5,7:10
718847,9838484,HZ,1,2/5/2013,2013,2,5,7:15
750092,9837624,TW,2,2/6/2013,2013,2,6,18:22
743852,9840260,TW,1,2/7/2013,2013,2,7,7:43
746530,9837867,TW,1,2/7/2013,2013,2,7,7:57
748891,9836184,TW,2,2/7/2013,2013,2,7,17:30
749138,9837259,TW,1,2/7/2013,2013,2,7,19:56
721209,9848004,SN,1,2/7/2013,2013,2,7,17:37
726455,9842450,SS,1,2/7/2013,2013,2,7,18:40
745310,9838783,TW,2,2/8/2013,2013,2,8,17:18
721014,9847052,SN,2,2/8/2013,2013,2,8,7:39
727339,9842004,SS,2,2/8/2013,2013,2,8,18:20
745078,9838174,TW,3,2/9/2013,2013,2,9,6:22
742993,9839344,TW,2,2/9/2013,2013,2,9,6:52
747371,9836013,TW,2,2/9/2013,2013,2,9,17:34
747486,9837786,TW,2,2/9/2013,2013,2,9,18:28
723058,9844836,SN,1,2/9/2013,2013,2,9,19:53
746923,9836849,TW,1,2/10/2013,2013,2,10,17:31
746093,9835422,TW,4,2/10/2013,2013,2,10,18:44
745983,9838501,TW,1,2/10/2013,2013,2,10,21:21
721273,9848480,SN,2,2/10/2013,2013,2,10,17:29
746997,9836480,TW,4,2/11/2013,2013,2,11,7:11
748565,9837620,TW,1,2/11/2013,2013,2,11,8:04
720449,9847591,SN,2,2/11/2013,2013,2,11,16:56
749854,9837324,TW,2,2/12/2013,2013,2,12,17:14
720449,9847591,SN,2,2/12/2013,2013,2,12,17:55
748191,9836445,TW,2,2/13/2013,2013,2,13,7:04
748549,9838088,TW,1,2/13/2013,2013,2,13,20:35
722316,9846906,SN,2,2/13/2013,2013,2,13,17:24
726646,9842620,SS,1,2/13/2013,2013,2,13,8:19
727553,9841770,SS,1,2/13/2013,2013,2,13,17:30
727951,9840632,SS,1,2/13/2013,2013,2,13,17:35
745125,9839178,TW,3,2/14/2013,2013,2,14,5:51
743325,9840279,TW,1,2/14/2013,2013,2,14,7:46
748495,9835094,TW,1,2/14/2013,2013,2,14,18:13
747797,9836633,TW,2,2/15/2013,2013,2,15,17:31
745698,9837678,TW,1,2/16/2013,2013,2,16,6:37
744715,9838554,TW,2,2/16/2013,2013,2,16,7:51
724524,9846124,SN,2,2/16/2013,2013,2,16,5:56
727420,9844122,SS,1,2/16/2013,2013,2,16,17:22
745310,9838783,TW,2,2/17/2013,2013,2,17,17:25
749023,9837516,TW,2,2/18/2013,2013,2,18,5:33
747880,9835456,TW,1,2/18/2013,2013,2,18,18:30
748602,9835650,TW,2,2/18/2013,2013,2,18,18:37
724479,9844916,SN,1,2/18/2013,2013,2,18,5:53
722393,9847340,SN,1,2/18/2013,2013,2,18,8:23
746095,9838250,TW,1,2/19/2013,2013,2,19,6:53
744764,9838500,TW,2,2/19/2013,2013,2,19,7:28
747880,9835456,TW,1,2/19/2013,2013,2,19,7:45
720449,9847591,SN,2,2/19/2013,2013,2,19,6:56
722737,9844812,SN,1,2/19/2013,2013,2,19,8:46
718293,9840138,HZ,2,2/20/2013,2013,2,20,7:18
745698,9837678,TW,3,2/22/2013,2013,2,22,18:25
720449,9847591,SN ,1,2/22/2013,2013,2,22,17:16
723441,9844921,SN ,1,2/22/2013,2013,2,22,19:15
746709,9836914,TW,2,2/23/2013,2013,2,23,18:15
725211,9844626,SN,1,2/23/2013,2013,2,23,8:23
727282,9842162,SS,1,2/23/2013,2013,2,23,8:07
727202,9842261,SS,1,2/23/2013,2013,2,23,8:08
751327,9837740,TW,1,2/24/2013,2013,2,24,5:30
748063,9837156,TW,2,2/24/2013,2013,2,24,17:54
745698,9837678,TW,1,2/24/2013,2013,2,24,19:01
720721,9847622,SN,2,2/24/2013,2013,2,24,6:50
724390,9845214,SN ,1,2/24/2013,2013,2,24,20:06
744079,9840062,TW,2,2/25/2013,2013,2,25,8:00
744214,9839332,TW,2,2/25/2013,2013,2,25,9:16
748632,9836531,TW,1,2/25/2013,2013,2,25,8:10
747554,9836312,TW,2,2/25/2013,2013,2,25,18:44
746269,9838353,TW,2,2/26/2013,2013,2,25,7:53
724309,9846858,SN,1,2/25/2013,2013,2,25,17:10
743715,9837711,TW,2,2/26/2013,2013,2,26,17:36
748605,9835043,TW,1,2/27/2013,2013,2,27,19:00
748807,9836032,TW,2,2/28/2013,2013,2,28,7:05
746673,9837962,TW,1,2/28/2013,2013,2,28,7:16
721082,9847622,SN,2,2/28/2013,2013,2,28,17:43
719453,9847779,SN,2,2/28/2013,2013,2,28,18:33
746997,9836480,TW,1,3/1/2013,2013,3,1,18:41
719087,9840152,HZ,1,3/1/2013,2013,3,1,6:24
719829,9840091,HZ,1,3/1/2013,2013,3,1,7:02
723972,9844912,SN,2,3/2/2013,2013,3,2,19:54
726173,9843975,SS,1,3/3/2013,2013,3,3,17:34
725217,9844446,SS,2,3/3/2013,2013,3,3,17:39
721064,9847571,SN,2,3/4/2013,2013,3,4,7:48
748270,9837277,TW,2,3/5/2013,2013,3,5,7:48
746530,9837867,TW,1,3/5/2013,2013,3,5,19:06
732401,9840309,MR,3,3/5/2013,2013,3,5,17:03
746458,9838325,TW,5,3/6/2013,2013,3,6,6:00
746673,9837962,TW,1,3/6/2013,2013,3,6,7:15
737515,9845184,FT,1,3/6/2013,2013,3,6,18:19
737451,9845259,FT,2,3/6/2013,2013,3,6,18:25
741390,9842632,FT,2,3/6/2013,2013,3,6,19:47
744142,9839596,TW,2,3/7/2013,2013,3,7,7:47
748601,9835332,TW,2,3/7/2013,2013,3,7,8:24
745409,9837876,TW,2,3/7/2013,2013,3,7,17:08
743884,9838162,TW,2,3/10/2013,2013,3,10,7:50
748431,9838025,TW,1,3/10/2013,2013,3,10,6:44
747703,9836518,TW,3,3/10/2013,2013,3,10,7:58
747861,9835416,TW,1,3/10/2013,2013,3,10,8:18
746530,9837867,TW,1,3/13/2013,2013,3,13,19:05
725159,9844672,SN,2,3/13/2013,2013,3,13,8:35
722120,9847925,SN,2,3/13/2013,2013,3,13,17:04
745981,9837561,TW,1,3/14/2013,2013,3,14,6:59
748609,9835662,TW,2,3/14/2013,2013,3,14,17:44
746916,9837841,TW,1,3/14/2013,2013,3,14,19:06
744706,9839783,TW,1,3/15/2013,2013,3,15,7:37
720865,9847595,SN,2,3/15/2013,2013,3,15,7:51
746660,9837805,TW,2,3/16/2013,2013,3,16,17:52
724587,9845380,SN,2,3/16/2013,2013,3,16,17:05
743582,9839310,TW,2,3/17/2013,2013,3,17,7:58
746201,9838741,TW,1,3/17/2013,2013,3,17,19:26
746636,9836947,TW,1,3/18/2013,2013,3,18,17:42
742659,9839258,TW,2,3/18/2013,2013,3,18,18:04
744243,9839598,TW,1,3/18/2013,2013,3,18,18:31
721075,9847596,SN,2,3/18/2013,2013,3,18,8:11
719461,9840782,HZ,2,3/18/2013,2013,3,18,19:23
746673,9837962,TW,1,3/19/2013,2013,3,19,7:42
744726,9839498,TW,2,3/19/2013,2013,3,19,7:52
733622,9842119,MR,1,3/19/2013,2013,3,19,8:30
747430,9835370,TW,1,3/21/2013,2013,3,21,7:33
744903,9840545,TW,2,3/22/2013,2013,3,22,8:02
721383,9847522,SN,2,3/22/2013,2013,3,22,8:18
720449,9847591,SN ,2,3/23/2013,2013,3,23,6:11
720892,9848145,SN ,2,3/23/2013,2013,3,23,8:23
723774,9846954,SN,2,3/23/2013,2013,3,23,8:50
717792,9841943,HZ,1,3/23/2013,2013,3,23,18:42
716954,9841577,HZ,1,3/23/2013,2013,3,23,18:44
727558,9840214,SS,1,3/24/2013,2013,3,24,8:02
727202,9842261,SS,1,3/24/2013,2013,3,24,8:21
722251,9844712,SN,1,3/26/2013,2013,3,26,6:07
721834,9847328,SN ,2,3/26/2013,2013,3,26,17:35
725371,9837816,SS,2,3/27/2013,2013,3,27,7:20
746971,9838214,TW,2,3/30/2013,2013,3,30,6:24
745757,9839525,TW,2,3/30/2013,2013,3,30,6:54
744483,9838607,TW,2,3/30/2013,2013,3,30,7:35
744394,9839636,TW,2,3/30/2013,2013,3,30,7:53
745148,9839130,TW,2,3/30/2013,2013,3,30,17:43
742186,9830184,TW,2,3/30/2013,2013,3,30,18:10
745094,9838471,TW,1,3/30/2013,2013,3,30,18:27
745310,9838783,TW,2,4/6/2013,2013,4,6,7:24
726833,9842535,SS,2,4/11/2013,2013,4,11,17:51
748257,9837162,TW,2,4/16/2013,2013,4,16,8:20
744836,9839370,TW,2,4/16/2013,2013,4,16,17:52
751530,9837604,TW,1,4/16/2013,2013,4,16,20:46
746068,9838415,TW,1,4/17/2013,2013,4,17,6:52
744739,9838451,TW,2,4/17/2013,2013,4,17,7:08
745103,9839179,TW,2,4/17/2013,2013,4,17,5:34
743565,9840490,TW,2,4/17/2013,2013,4,17,9:05
751051,9837808,TW,1,4/17/2013,2013,4,17,20:10
751530,9837604,TW,1,4/17/2013,2013,4,17,20:00
748027,9835328,TW,2,4/21/2013,2013,4,21,6:55
746997,9836480,TW,1,4/21/2013,2013,4,21,7:01
744815,9838462,TW,2,4/21/2013,2013,4,21,7:08
745536,9838925,TW,1,4/23/2013,2013,4,23,19:14
745912,9838497,TW,2,4/23/2013,2013,4,23,20:16
724404,9844887,SN,2,4/23/2013,2013,4,23,20:05
745519,9837820,TW,1,4/24/2013,2013,4,24,18:19
722067,9847776,SN,2,4/24/2013,2013,4,24,18:33
746200,9837434,TW,2,4/26/2013,2013,4,26,7:48
744760,9838558,TW,2,4/29/2013,2013,4,29,6:29
744819,9838896,TW,1,4/29/2013,2013,4,29,6:32
746192,9838993,TW,1,4/29/2013,2013,4,29,17:23
744663,9839798,TW,2,4/30/2013,2013,4,30,6:01
744807,9839195,TW,2,4/30/2013,2013,4,30,6:27
745749,9839674,TW,2,4/30/2013,2013,4,30,7:04
740433,9840291,FT,1,4/30/2013,2013,4,30,17:52
744457,9840135,TW,2,5/1/2013,2013,5,1,6:14
745229,9837857,TW,1,5/1/2013,2013,5,1,6:27
747339,9836913,TW,2,5/1/2013,2013,5,1,6:32
744661,9838493,TW,1,5/1/2013,2013,5,1,7:21
747848,9837450,TW,1,5/1/2013,2013,5,1,6:37
747797,9836633,TW,1,5/1/2013,2013,5,1,6:44
749021,9836556,TW,2,5/1/2013,2013,5,1,8:16
751839,9837939,TW,3,5/2/2013,2013,5,2,16:45
747241,9836213,TW,1,5/3/2013,2013,5,3,6:04
744762,9838775,TW,1,5/3/2013,2013,5,3,6:14
744517,9840012,TW,2,5/3/2013,2013,5,3,6:25
749025,9836691,TW,2,5/3/2013,2013,5,3,8:08
721010,9847343,SN,2,5/3/2013,2013,5,3,7:14
746530,9837867,TW,2,5/4/2013,2013,5,4,6:57
744744,9838961,TW,1,5/4/2013,2013,5,4,18:57
725194,9843648,SS,2,5/4/2013,2013,5,4,17:21
727202,9842261,SS,2,5/4/2013,2013,5,4,17:32
742140,9840326,TW,1,5/5/2013,2013,5,5,7:08
744701,9839593,TW,1,5/6/2013,2013,5,6,6:52
744619,9839990,TW,2,5/6/2013,2013,5,6,6:54
744666,9838489,TW,1,5/6/2013,2013,5,6,7:11
744832,9838947,TW,1,5/6/2013,2013,5,6,19:31
744747,9838730,TW,1,5/6/2013,2013,5,6,19:32
751040,9837872,TW,1,5/7/2013,2013,5,7,6:07
744798,9838858,TW,1,5/7/2013,2013,5,7,7:29
744818,9839463,TW,2,5/7/2013,2013,5,7,17:30
744529,9840215,TW,1,5/8/2013,2013,5,8,6:36
751530,9837604,TW,2,5/8/2013,2013,5,8,6:08
749079,9837012,TW,1,5/8/2013,2013,5,8,6:22
744529,9840215,TW,1,5/8/2013,2013,5,8,6:36
746530,9837867,TW,1,5/8/2013,2013,5,8,7:35
748662,9836580,TW,1,5/8/2013,2013,5,8,18:27
721579,9847526,SN,2,5/8/2013,2013,5,8,17:59
744401,9840462,TW,1,5/11/2013,2013,5,11,18:20
724529,9846377,SN,2,5/11/2013,2013,5,11,6:33
750806,9837850,TW,1,5/12/2013,2013,5,12,6:07
745173,9839068,TW,1,5/12/2013,2013,5,12,7:55
724053,9846982,SN,2,5/12/2013,2013,5,12,6:19
722416,9847220,SN,2,5/12/2013,2013,5,12,7:03
745310,9838783,TW,1,5/13/2013,2013,5,13,17:33
742371,9838597,FT,1,5/13/2013,2013,5,13,18:52
748013,9836644,TW,1,5/14/2013,2013,5,14,6:28
747225,9837906,TW,1,5/14/2013,2013,5,14,7:39
724567,9845234,SN,2,5/15/2013,2013,5,15,5:47
728838,9841129,SS,2,5/15/2013,2013,5,15,18:06
744746,9840914,TW,1,5/16/2013,2013,5,16,7:06
744696,9840673,TW,2,5/16/2013,2013,5,16,7:16
751204,9837778,TW,1,5/16/2013,2013,5,16,8:36
745001,9838172,TW,1,5/16/2013,2013,5,16,17:48
745875,9838487,TW,1,5/16/2013,2013,5,16,18:41
749058,9837157,TW,1,5/17/2013,2013,5,17,8:26
727562,9841853,SS,2,5/17/2013,2013,5,17,7:18
724548,9847294,SN,2,5/18/2013,2013,5,18,7:28
744829,9838975,TW,2,5/19/2013,2013,5,19,6:23
751116,9837857,TW,1,5/19/2013,2013,5,19,17:15
739445,9841268,FT,2,5/19/2013,2013,5,19,19:06
725222,9844582,SS,2,5/19/2013,2013,5,19,17:16
728141,9840611,SS,1,5/19/2013,2013,5,19,18:45
749096,9835660,TW,1,5/20/2013,2013,5,20,7:37
751337,9837699,TW,1,5/20/2013,2013,5,20,5:40
749977,9835542,TW,2,5/21/2013,2013,5,21,6:49
750182,9837672,TW,2,5/21/2013,2013,5,21,8:37
748501,9837967,TW,1,5/21/2013,2013,5,21,5:56
744718,9835810,TW,2,5/21/2013,2013,5,21,7:14
745534,9838659,TW,2,5/21/2013,2013,5,21,18:16
748477,9838427,TW,2,5/21/2013,2013,5,21,20:19
743785,9838136,TW,1,5/21/2013,2013,5,21,17:34
746424,9838326,TW,1,5/21/2013,2013,5,21,20:16
748635,9837332,TW,1,5/22/2013,2013,5,22,6:18
744883,9838772,TW,2,5/22/2013,2013,5,22,7:14
745660,9838533,TW,2,5/22/2013,2013,5,22,8:04
749021,9836628,TW,2,5/22/2013,2013,5,22,8:22
746002,9839444,TW,1,5/23/2013,2013,5,23,18:46
722130,9846900,SN,2,5/23/2013,2013,5,23,6:56
748467,9837406,TW,1,5/24/2013,2013,5,24,6:21
747366,9838133,TW,1,5/24/2013,2013,5,24,12:21
748044,9837449,TW,1,5/24/2013,2013,5,24,18:52
747346,9838021,TW,1,5/24/2013,2013,5,24,19:05
746604,9838360,TW,1,5/24/2013,2013,5,24,20:13
751357,9837721,TW,2,5/24/2013,2013,5,24,20:28
723318,9846630,SN,1,5/24/2013,2013,5,24,6:32
721173,9848148,SN,1,5/24/2013,2013,5,24,6:52
720574,9848512,SN,1,5/24/2013,2013,5,24,7:10
723441,9844921,SN,1,5/24/2013,2013,5,24,20:19
744841,9838420,TW,1,5/25/2013,2013,5,25,18:14
723438,9846716,SN,1,5/25/2013,2013,5,25,17:59
750008,9836295,TW,2,5/26/2013,2013,5,26,8:08
750936,9834802,TW,3,5/26/2013,2013,5,26,8:10
751118,9836860,TW,1,5/26/2013,2013,5,26,9:07
726558,9840499,HZ,2,5/26/2013,2013,5,26,7:52
745305,9840157,TW,1,5/27/2013,2013,5,27,7:05
748091,9836654,TW,2,5/27/2013,2013,5,27,8:09
747750,9837284,TW,1,5/27/2013,2013,5,27,17:22
747627,9837710,TW,1,5/27/2013,2013,5,27,19:38
751995,9836474,TW,1,5/28/2013,2013,5,28,17:45
747035,9837681,TW,1,5/28/2013,2013,5,28,18:49
750972,9837789,TW,1,5/28/2013,2013,5,28,20:19
746866,9837873,TW,1,5/29/2013,2013,5,29,6:30
750048,9836285,TW,2,5/30/2013,2013,5,30,8:09
744833,9839172,TW,2,6/1/2013,2013,6,1,18:01
727511,9840859,SS,1,6/1/2013,2013,6,1,18:23
747986,9837283,TW,1,6/2/2013,2013,6,2,6:25
747366,9838133,TW,2,6/2/2013,2013,6,2,8:23
746862,9837155,TW,2,6/2/2013,2013,6,2,18:05
718052,9841862,HZ,1,6/2/2013,2013,6,2,20:01
745968,9839605,TW,2,6/3/2013,2013,6,3,7:21
747965,9836640,TW,1,6/3/2013,2013,6,3,8:05
745194,9840304,TW,1,6/3/2013,2013,6,3,8:34
748477,9838427,TW,2,6/3/2013,2013,6,3,18:19
734776,9842806,MR,1,6/3/2013,2013,6,3,18:46
724472,9846777,SN,2,6/3/2013,2013,6,3,18:21
727202,9842261,SS,2,6/3/2013,2013,6,3,6:05
727202,9842261,SS,2,6/3/2013,2013,6,3,7:27
747704,9837000,TW,1,6/4/2013,2013,6,4,6:24
746192,9838993,TW,1,6/4/2013,2013,6,4,7:07
744651,9839933,TW,2,6/4/2013,2013,6,4,18:36
725080,9844676,SN,2,6/4/2013,2013,6,4,17:11
727202,9842261,SS,2,6/4/2013,2013,6,4,17:50
751982,9837697,TW,1,6/5/2013,2013,6,5,6:01
745295,9840231,TW,4,6/5/2013,2013,6,5,7:07
744486,9840564,TW,1,6/5/2013,2013,6,5,7:19
749296,9837346,TW,1,6/6/2013,2013,6,6,6:16
746457,9838312,TW,3,6/6/2013,2013,6,6,7:23
747371,9836013,TW,2,6/6/2013,2013,6,6,7:44
749138,9837259,TW,2,6/7/2013,2013,6,7,8:41
724571,9845215,SN,2,6/7/2013,2013,6,7,5:39
724713,9847228,SN,2,6/7/2013,2013,6,7,17:11
747989,9837928,TW,2,6/8/2013,2013,6,8,7:33
748416,9836525,TW,2,6/8/2013,2013,6,8,6:27
747750,9837284,TW,2,6/8/2013,2013,6,8,7:21
747482,9836237,TW,1,6/8/2013,2013,6,8,17:47
747636,9837248,TW,1,6/8/2013,2013,6,8,18:08
749329,9837350,TW,1,6/8/2013,2013,6,8,19:36
724512,9846088,SN,1,6/8/2013,2013,6,8,6:09
721268,9848187,SN,2,6/8/2013,2013,6,8,7:25
727105,9838946,SS,2,6/8/2013,2013,6,8,7:01
727202,9842261,SS,1,6/8/2013,2013,6,8,7:54
727202,9842261,SS,2,6/8/2013,2013,6,8,18:22
726817,9842539,SS,1,6/8/2013,2013,6,8,20:19
747984,9837991,TW,1,6/9/2013,2013,6,9,6:21
747366,9838133,TW,1,6/9/2013,2013,6,9,5:16
745070,9839226,TW,1,6/9/2013,2013,6,9,5:25
721182,9848096,SN,1,6/9/2013,2013,6,9,7:27
722196,9847812,SN,1,6/9/2013,2013,6,9,18:46
719330,9838487,HZ,1,6/9/2013,2013,6,9,7:18
748110,9836944,TW,1,6/10/2013,2013,6,10,6:52
747715,9837410,TW,1,6/10/2013,2013,6,10,7:06
747840,9837179,TW,1,6/10/2013,2013,6,10,7:00
747742,9836510,TW,1,6/10/2013,2013,6,10,18:22
727202,9842261,SS,1,6/11/2013,2013,6,11,19:46
724180,9846138,SN ,2,6/12/2013,2013,6,12,6:17
723457,9844920,SN,1,6/12/2013,2013,6,12,20:23
727391,9844490,SS,2,6/13/2013,2013,6,13,8:30
724180,9846138,SN,1,6/15/2013,2013,6,15,6:41
720970,9846327,SN,2,6/15/2013,2013,6,15,7:18
744913,9839556,TW,1,6/16/2013,2013,6,16,7:19
751530,9837604,TW,1,6/16/2013,2013,6,16,20:03
747366,9838133,TW,1,6/17/2013,2013,6,17,6:44
746114,9838356,TW,2,6/17/2013,2013,6,17,6:49
722352,9847237,SN,1,6/17/2013,2013,6,17,18:18
723614,9847165,SN,1,6/18/2013,2013,6,18,17:17
727589,9840663,SS,2,6/18/2013,2013,6,18,6:25
718025,9839637,HZ,1,6/18/2013,2013,6,18,18:09
718077,9837971,HZ,2,6/18/2013,2013,6,18,18:30
718416,9839082,HZ,1,6/18/2013,2013,6,18,18:44
718900,9840536,HZ,1,6/18/2013,2013,6,18,19:09
745772,9839133,TW,1,6/19/2013,2013,6,19,7:00
745208,9839146,TW,2,6/19/2013,2013,6,19,7:43
747797,9836633,TW,2,6/19/2013,2013,6,19,17:29
751530,9837604,TW,1,6/19/2013,2013,6,19,19:21
744572,9838428,TW,2,6/20/2013,2013,6,20,7:40
751366,9837702,TW,1,6/20/2013,2013,6,20,19:44
726931,9841562,SS,1,6/20/2013,2013,6,20,6:13
727277,9842170,SS,2,6/20/2013,2013,6,20,6:29
734403,9841869,MR,1,6/21/2013,2013,6,21,8:25
724112,9846964,SN,2,6/21/2013,2013,6,21,19:09
716037,9840135,HZ,2,6/21/2013,2013,6,21,17:42
747797,9836633,TW,2,6/22/2013,2013,6,22,19:15
727202,9842261,SS,2,6/22/2013,2013,6,22,10:06
724529,9844953,SN,2,6/23/2013,2013,6,23,5:45
724236,9847195,SN,2,6/24/2013,2013,6,24,6:29
727544,9841988,SS,2,6/24/2013,2013,6,24,6:32
747248,9837085,TW,3,6/25/2013,2013,6,25,8:25
722019,9847732,SN,2,6/25/2013,2013,6,25,17:40
728391,9841109,SS,2,6/25/2013,2013,6,25,8:15
715777,9839724,HZ,1,6/25/2013,2013,6,25,8:14
719637,9842531,HZ,1,6/27/2013,2013,6,27,17:18
727878,9840301,SS,1,6/28/2013,2013,6,28,7:12
727504,9841868,SS,1,6/28/2013,2013,6,28,18:35
745099,9840066,TW,2,6/29/2013,2013,6,29,6:50
727491,9840812,SS,1,6/29/2013,2013,6,29,7:07
747491,9837478,TW,1,6/30/2013,2013,6,30,6:04
751138,9837838,TW,2,6/30/2013,2013,6,30,8:05
748757,9836807,TW,2,6/30/2013,2013,6,30,19:55
726646,9842617,SS,2,6/30/2013,2013,6,30,8:24
746913,9837691,TW,1,7/1/2013,2013,7,1,17:34
728609,9840894,SS,1,7/1/2013,2013,7,1,8:07
751870,9837590,TW,2,7/4/2013,2013,7,2,8:15
728864,9841158,SS,2,7/3/2013,2013,7,3,8:18
745150,9839519,TW,1,7/5/2013,2013,7,5,18:05
717604,9839330,HZ,1,7/5/2013,2013,7,5,8:12
725161,9844041,SS,2,7/6/2013,2013,7,6,6:56
716601,9840764,HZ,1,7/6/2013,2013,7,6,17:49
719087,9840152,HZ,1,7/6/2013,2013,7,6,19:30
746513,9838153,TW,1,7/7/2013,2013,7,7,7:07
743008,9838994,TW,1,7/7/2013,2013,7,7,7:36
742835,9839212,TW,1,7/7/2013,2013,7,7,7:38
745927,9839579,TW,1,7/7/2013,2013,7,7,7:59
724514,9846048,SN,1,7/7/2013,2013,7,7,5:58
724315,9846012,SN,1,7/7/2013,2013,7,7,6:03
724621,9846717,SN,1,7/7/2013,2013,7,7,7:57
745051,9839123,TW,1,7/8/2013,2013,7,8,7:02
745792,9837544,TW,1,7/8/2013,2013,7,8,7:36
747238,9838130,TW,2,7/9/2013,2013,7,9,6:48
747525,9837260,TW,1,7/9/2013,2013,7,9,7:13
743719,9838518,TW,2,7/9/2013,2013,7,9,8:31
749854,9837324,TW,1,7/9/2013,2013,7,9,8:55
748459,9836826,TW,2,7/10/2013,2013,7,10,6:18
747663,9836829,TW,2,7/10/2013,2013,7,10,8:01
747797,9836633,TW,1,7/10/2013,2013,7,10,18:53
722436,9847215,SN,2,7/10/2013,2013,7,10,7:53
722305,9847257,SN,2,7/10/2013,2013,7,10,7:56
720370,9843514,HZ,2,7/10/2013,2013,7,10,20:16
747797,9836633,TW,1,7/11/2013,2013,7,11,7:31
748495,9835094,TW,1,7/11/2013,2013,7,11,7:57
747173,9837671,TW,1,7/11/2013,2013,7,11,18:56
721077,9847608,SN,2,7/11/2013,2013,7,11,18:28
720801,9847573,SN,2,7/11/2013,2013,7,11,18:40
727323,9840148,SS,2,7/11/2013,2013,7,11,6:30
727558,9840214,SS,2,7/11/2013,2013,7,11,7:51
745906,9838497,TW,1,7/12/2013,2013,7,12,6:40
746016,9838468,TW,1,7/12/2013,2013,7,12,6:49
744748,9838725,TW,1,7/12/2013,2013,7,12,7:47
746269,9838353,TW,1,7/12/2013,2013,7,12,8:22
719087,9840152,HZ,1,7/12/2013,2013,7,12,6:40
743320,9838673,TW,1,7/13/2013,2013,7,13,17:50
746673,9837962,TW,1,7/13/2013,2013,7,13,19:56
720984,9846359,SN,1,7/13/2013,2013,7,13,8:02
747403,9835480,TW,1,7/14/2013,2013,7,14,7:49
721116,9845013,SN,2,7/14/2013,2013,7,14,17:33
747411,9836810,TW,2,7/15/2013,2013,7,15,7:28
747491,9837478,TW,1,7/15/2013,2013,7,15,6:38
747797,9836633,TW,2,7/15/2013,2013,7,15,7:10
747320,9837739,TW,1,7/15/2013,2013,7,15,17:35
742844,9839082,TW,2,7/15/2013,2013,7,15,18:33
719087,9840152,HZ,1,7/15/2013,2013,7,15,6:12
719322,9840190,HZ,1,7/15/2013,2013,7,15,6:50
719814,9840221,HZ,1,7/15/2013,2013,7,15,7:08
747797,9836633,TW,1,7/16/2013,2013,7,16,5:56
747599,9837084,TW,2,7/16/2013,2013,7,16,18:03
721834,9847328,SN,2,7/16/2013,2013,7,16,7:15
745298,9838505,TW,1,7/17/2013,2013,7,17,7:07
747192,9837658,TW,2,7/17/2013,2013,7,17,7:21
731670,9841227,MR,2,7/18/2013,2013,7,18,7:09
719322,9840190,HZ,1,7/18/2013,2013,7,18,6:10
724180,9846138,SN,2,7/19/2013,2013,7,19,6:21
722696,9846991,SN,2,7/19/2013,2013,7,19,6:50
746862,9836321,TW,1,7/20/2013,2013,7,20,17:36
744813,9838383,TW,2,7/20/2013,2013,7,20,18:45
723657,9847139,SN,2,7/20/2013,2013,7,20,17:21
721593,9847565,SN,1,7/20/2013,2013,7,20,19:06
727202,9842261,SS,1,7/20/2013,2013,7,20,7:49
747492,9835587,TW,2,7/21/2013,2013,7,21,8:23
751879,9837240,TW,1,7/21/2013,2013,7,21,8:50
723334,9844889,SN,2,7/21/2013,2013,7,21,5:46
721051,9847569,SN,1,7/21/2013,2013,7,21,18:16
747272,9836789,TW,2,7/22/2013,2013,7,22,7:54
722800,9846711,SN,2,7/23/2013,2013,7,23,7:34
728141,9840611,SS,1,7/23/2013,2013,7,23,18:04
747636,9837248,TW,2,7/24/2013,2013,7,24,7:34
749506,9837417,TW,1,7/24/2013,2013,7,24,17:08
721485,9847576,SN,2,7/24/2013,2013,7,24,7:03
718409,9839279,HZ,2,7/24/2013,2013,7,24,18:18
747579,9837618,TW,1,7/25/2013,2013,7,25,7:35
747845,9837640,TW,1,7/26/2013,2013,7,26,6:34
747750,9837284,TW,1,7/26/2013,2013,7,26,6:49
748044,9837449,TW,1,7/26/2013,2013,7,26,6:54
720747,9847510,SN,2,7/26/2013,2013,7,26,7:26
747704,9837000,TW,1,28-Jul,2013,7,28,7:42
727555,9841751,SS,2,7/28/2013,2013,7,28,7:05
727327,9842032,SS,1,7/28/2013,2013,7,28,7:07
727558,9840214,SS,2,7/28/2013,2013,7,28,7:40
747579,9837618,TW,2,7/29/2013,2013,7,29,6:45
748628,9837383,TW,2,7/29/2013,2013,7,29,6:52
747797,9836633,TW,1,7/29/2013,2013,7,29,17:42
720938,9845297,SN,2,7/29/2013,2013,7,29,7:37
719278,9838394,HZ,2,7/29/2013,2013,7,29,7:33
720201,9839904,HZ,1,7/29/2013,2013,7,29,19:12
722526,9844776,SN,1,7/30/2013,2013,7,30,5:49
721025,9847461,SN,2,7/30/2013,2013,7,30,7:51
717183,9841627,HZ,2,7/30/2013,2013,7,30,17:46
720073,9839941,HZ,1,7/30/2013,2013,7,30,20:09
751225,9837748,TW,1,7/31/2013,2013,7,31,8:22
725200,9842467,SS,1,7/31/2013,2013,7,31,6:23
725237,9841492,SS,1,7/31/2013,2013,7,31,6:33
727081,9842375,SS,1,7/31/2013,2013,7,31,8:06
747984,9836752,TW,3,8/1/2013,2013,8,1,8:13
748296,9836910,TW,1,8/3/2013,2013,8,3,7:15
747919,9836702,TW,1,8/3/2013,2013,8,3,7:42
750967,9837941,TW,1,8/3/2013,2013,8,3,9:43
747579,9837618,TW,1,8/4/2013,2013,8,4,6:50
747328,9836855,TW,2,8/5/2013,2013,8,5,8:38
726998,9841430,SS,3,8/5/2013,2013,8,5,6:45
727207,9841210,SS,1,8/5/2013,2013,8,5,7:03
747384,9836387,TW,1,8/6/2013,2013,8,6,8:24
723014,9847009,SN,2,8/6/2013,2013,8,6,7:00
727276,9840484,SS,3,8/6/2013,2013,8,6,18:19
723399,9844900,SN,1,8/7/2013,2013,8,7,5:59
742423,9840314,TW,1,8/8/2013,2013,8,8,15:46
739264,9841920,FT,1,8/8/2013,2013,8,8,6:41
740344,9841880,FT,1,8/8/2013,2013,8,8,18:23
739146,9841953,FT,3,8/8/2013,2013,8,8,19:15
725305,9843366,SS,3,8/8/2013,2013,8,8,6:44
727463,9840434,SS,2,8/8/2013,2013,8,8,8:03
727371,9840569,SS,2,8/8/2013,2013,8,8,18:15
746942,9836588,TW,1,8/9/2013,2013,8,9,7:32
746999,9835264,TW,1,8/11/2013,2013,8,11,6:56
748467,9837406,TW,1,8/11/2013,2013,8,11,17:30
745310,9838783,TW,2,8/11/2013,2013,8,11,17:54
725567,9841861,SS,2,8/11/2013,2013,8,11,17:31
726495,9838805,SS,1,8/11/2013,2013,8,11,18:24
727459,9841905,SS,1,8/12/2013,2013,8,12,8:34
715985,9840063,HZ,1,8/12/2013,2013,8,12,8:19
747122,9836031,TW,2,8/13/2013,2013,8,13,7:19
727367,9842053,SS,3,8/13/2013,2013,8,13,7:44
746563,9836736,TW,2,8/14/2013,2013,8,14,18:45
727397,9841932,SS,1,8/14/2013,2013,8,14,6:48
726286,9842591,SS,1,8/14/2013,2013,8,14,8:21
715989,9841345,HZ,2,8/15/2013,2013,8,15,18:25
714583,9837271,HZ,1,8/15/2013,2013,8,15,18:30
727658,9840296,SS,1,8/16/2013,2013,8,16,7:18
727336,9840706,SS,3,8/16/2013,2013,8,16,6:55
750161,9837630,TW,1,8/18/2013,2013,8,18,19:51
727276,9840484,SS,3,8/18/2013,2013,8,18,6:49
727694,9841973,SS,2,8/18/2013,2013,8,18,7:09
746404,9837281,TW,2,8/19/2013,2013,8,19,17:51
734403,9841869,MR,2,8/20/2013,2013,8,20,8:51
727028,9841002,SS,2,8/21/2013,2013,8,21,6:47
727665,9840581,SS,1,8/21/2013,2013,8,21,8:30
743392,9837674,TW,2,8/22/2013,2013,8,22,7:26
745099,9840066,TW,2,8/22/2013,2013,8,22,8:25
728660,9841109,SS,1,8/22/2013,2013,8,22,6:47
728556,9839951,SS,2,8/22/2013,2013,8,22,7:50
728350,9840000,SS,1,8/22/2013,2013,8,22,8:11
716601,9840764,HZ,2,8/22/2013,2013,8,22,17:53
747196,9834792,TW,1,8/23/2013,2013,8,23,17:41
746876,9837866,TW,2,8/24/2013,2013,8,24,6:45
751560,9833470,TW,2,8/24/2013,2013,8,24,7:45
747579,9837618,TW,1,8/25/2013,2013,8,25,17:51
734403,9841869,MR,1,8/25/2013,2013,8,25,6:16
726687,9842601,SS,1,8/25/2013,2013,8,25,8:06
726494,9838885,SS,1,8/25/2013,2013,8,25,7:21
726578,9842670,SS,1,8/25/2013,2013,8,25,8:32
744717,9840684,TW,2,8/26/2013,2013,8,26,7:34
743702,9839140,TW,2,8/26/2013,2013,8,26,18:09
746604,9838360,TW,1,8/28/2013,2013,8,28,6:05
747498,9836569,TW,1,8/28/2013,2013,8,28,7:41
722648,9846793,SN,1,8/28/2013,2013,8,28,17:53
747787,9838086,TW,1,8/29/2013,2013,8,29,5:53
747998,9837276,TW,1,8/30/2013,2013,8,30,8:28
744975,9840696,TW,2,8/30/2013,2013,8,30,18:25
724526,9846757,SN,2,8/30/2013,2013,8,30,17:22
716092,9841317,HZ,1,8/30/2013,2013,8,30,7:56
747494,9838116,TW,1,8/31/2013,2013,8,31,7:06
738512,9837445,FT,2,8/31/2013,2013,8,31,8:00
724698,9844804,SN,1,8/31/2013,2013,8,31,17:16
721196,9844141,HZ,2,8/31/2013,2013,8,31,19:10
744682,9836019,TW,1,9/1/2013,2013,9,1,8:26
726977,9842623,SS,2,9/2/2013,2013,9,2,7:27
745532,9838590,TW,2,9/3/2013,2013,9,3,9:08
745361,9839246,TW,2,9/4/2013,2013,9,4,6:26
727191,9839365,SS,1,9/4/2013,2013,9,4,7:55
747214,9838187,TW,1,9/5/2013,2013,9,5,6:34
746941,9838224,TW,2,9/5/2013,2013,9,5,6:37
744556,9840158,TW,2,9/5/2013,2013,9,5,8:41
739663,9841417,FT,4,9/5/2013,2013,9,5,17:36
725218,9844592,SS,1,9/5/2013,2013,9,5,17:09
727921,9840552,SS,3,9/5/2013,2013,9,5,18:18
747320,9837739,TW,2,9/6/2013,2013,9,6,6:40
744659,9840497,TW,2,9/6/2013,2013,9,6,7:25
744663,9840898,TW,2,9/6/2013,2013,9,6,18:25
723776,9847197,SN,2,9/6/2013,2013,9,6,6:38
743551,9840124,TW,2,9/7/2013,2013,9,7,5:40
743935,9838978,TW,2,9/7/2013,2013,9,7,18:54
743709,9840340,TW,2,9/7/2013,2013,9,7,19:06
743812,9840443,TW,2,9/7/2013,2013,9,7,19:16
743535,9840104,TW,1,9/7/2013,2013,9,7,6:28
739655,9841414,FT,5,9/7/2013,2013,9,7,5:58
724544,9846074,SN,2,9/7/2013,2013,9,7,19:19
747435,9837354,TW,2,9/8/2013,2013,9,8,6:41
727354,9841231,SS,1,9/8/2013,2013,9,8,18:26
727608,9841025,SS,1,9/8/2013,2013,9,8,18:28
717003,9841395,HZ,2,9/8/2013,2013,9,8,8:27
743771,9840590,TW,2,9/9/2013,2013,9,9,7:03
746977,9838197,TW,2,9/9/2013,2013,9,9,6:18
736931,9840932,FT,1,9/9/2013,2013,9,9,6:36
723319,9846609,SN,2,9/9/2013,2013,9,9,6:33
725169,9843994,SS,3,9/10/2013,2013,9,10,6:29
746431,9837129,TW,2,9/11/2013,2013,9,11,6:48
744951,9840821,TW,2,9/11/2013,2013,9,11,6:23
747439,9836432,TW,2,9/11/2013,2013,9,11,6:23
743551,9840443,TW,2,9/11/2013,2013,9,11,7:42
746673,9837962,TW,1,9/11/2013,2013,9,11,18:01
739640,9841399,FT,2,9/11/2013,2013,9,11,19:26
728111,9840714,SS,1,9/11/2013,2013,9,11,18:00
745502,9838773,TW,1,9/12/2013,2013,9,12,8:07
744418,9840719,TW,2,9/13/2013,2013,9,13,6:04
747147,9836296,TW,2,9/13/2013,2013,9,13,6:27
745181,9839358,TW,1,9/13/2013,2013,9,13,8:05
745403,9838847,TW,1,9/13/2013,2013,9,13,8:13
739649,9841391,FT,5,9/13/2013,2013,9,13,7:14
728993,9841068,SS,2,9/13/2013,2013,9,13,6:59
747277,9836712,TW,2,9/14/2013,2013,9,14,6:35
739482,9837785,TW,2,9/14/2013,2013,9,14,6:13
748640,9835606,TW,1,9/14/2013,2013,9,14,17:34
748495,9835094,TW,1,9/14/2013,2013,9,14,17:36
745910,9837356,TW,1,9/16/2013,2013,9,16,7:54
739683,9841389,FT,6,9/16/2013,2013,9,16,6:39
743935,9838978,TW,2,9/17/2013,2013,9,17,6:59
747880,9835456,TW,1,9/17/2013,2013,9,17,7:15
744861,9840165,TW,2,9/17/2013,2013,9,17,19:32
751530,9837604,TW,1,9/17/2013,2013,9,17,19:59
744520,9840227,TW,1,9/20/2013,2013,9,20,7:05
727947,9840996,SS,2,9/20/2013,2013,9,20,8:32
748152,9835277,TW,4,9/24/2013,2013,9,24,7:15
745987,9837696,TW,3,9/25/2013,2013,9,25,8:28
745100,9839241,TW,1,9/26/2013,2013,9,26,18:42
746997,9836480,TW,2,9/27/2013,2013,9,27,7:07
721955,9846838,SN,2,9/28/2013,2013,9,28,19:03
725120,9843472,SS,3,9/28/2013,2013,9,28,7:15
726797,9839732,SS,1,9/28/2013,2013,9,28,18:22
740593,9839927,TW,1,9/29/2013,2013,9,29,6:30
721028,9846894,SN,2,9/29/2013,2013,9,29,7:13
745661,9839765,TW,2,10/1/2013,2013,10,1,17:37
726812,9839784,SS,1,10/1/2013,2013,10,1,18:43
718328,9839756,HZ,1,10/1/2013,2013,10,1,7:36
746932,9837849,TW,2,10/2/2013,2013,10,2,17:38
743945,9839300,TW,2,10/3/2013,2013,10,3,7:47
749853,9837557,TW,1,10/4/2013,2013,10,4,17:16
724191,9846921,SN,2,10/5/2013,2013,10,5,17:10
721129,9847768,SN,1,10/5/2013,2013,10,5,18:16
726803,9839736,SS,5,10/6/2013,2013,10,6,7:54
718416,9839082,HZ,1,10/6/2013,2013,10,6,18:04
743150,9839292,TW,1,10/7/2013,2013,10,7,7:18
746506,9838159,TW,2,10/8/2013,2013,10,8,18:05
736367,9840886,FT,1,10/8/2013,2013,10,8,5:56
741114,9840238,FT,2,10/8/2013,2013,10,8,9:20
743024,9839467,TW,1,10/9/2013,2013,10,9,18:21
748090,9837837,TW,1,10/9/2013,2013,10,9,20:17
747587,9837123,TW,2,10/10/2013,2013,10,10,6:24
741125,9839748,TW,1,10/10/2013,2013,10,10,7:XX
743932,9839321,TW,2,10/10/2013,2013,10,10,8:38
721237,9848861,SN,1,10/10/2013,2013,10,10,7:16
719888,9848410,SN,1,10/10/2013,2013,10,10,7:42
747147,9837692,TW,2,10/11/2013,2013,10,11,6:25
747810,9835967,TW,2,10/11/2013,2013,10,11,17:23
741295,9840668,TW,2,10/11/2013,2013,10,11,18:10
720489,9848279,SN,1,10/11/2013,2013,10,11,17:24
736536,9841408,FT,2,10/12/2013,2013,10,12,6:56
736931,9840932,FT,2,10/12/2013,2013,10,12,7:21
742342,9840512,TW,2,10/13/2013,2013,10,13,18:38
725171,9841252,SS,1,10/13/2013,2013,10,13,7:21
745018,9838398,TW,1,10/14/2013,2013,10,14,8:09
745452,9840126,TW,1,10/15/2013,2013,10,15,19:37
747193,9835784,TW,1,10/16/2013,2013,10,16,7:52
748495,9835094,TW,2,10/16/2013,2013,10,16,8:07
743732,9840430,TW,2,10/16/2013,2013,10,16,18:03
742832,9839424,TW,2,10/16/2013,2013,10,16,18:18
742906,9838791,TW,2,10/16/2013,2013,10,16,18:02
724256,9842150,SS,1,10/16/2013,2013,10,16,7:04
725126,9842050,SS,2,10/16/2013,2013,10,16,8:37
747248,9837085,TW,2,10/17/2013,2013,10,17,6:14
743647,9840814,TW,2,10/17/2013,2013,10,17,7:13
727706,9841485,SS,1,10/17/2013,2013,10,17,17:44
727797,9840342,SS,1,10/17/2013,2013,10,17,17:51
747666,9836797,TW,2,10/18/2013,2013,10,18,6:28
744593,9840705,TW,2,10/18/2013,2013,10,18,6:35
747797,9836633,TW,2,10/18/2013,2013,10,18,20:28
744962,9838230,TW,1,10/19/2013,2013,10,19,7:11
747057,9836682,TW,2,10/19/2013,2013,10,19,8:05
747371,9836013,TW,1,10/19/2013,2013,10,19,17:55
732401,9840309,MR,1,10/19/2013,2013,10,19,17:16
725176,9843998,SS,1,10/19/2013,2013,10,19,17:15
718724,9837928,HZ,1,10/19/2013,2013,10,19,6:35
749050,9836424,TW,2,10/20/2013,2013,10,20,6:19
744492,9840589,TW,2,10/20/2013,2013,10,20,18:19
718577,9838692,HZ,1,10/20/2013,2013,10,20,17:58
747664,9836508,TW,2,10/21/2013,2013,10,21,17:49
742287,9840028,TW,2,10/22/2013,2013,10,22,7:24
718296,9839943,HZ,1,10/22/2013,2013,10,22,16:16
717727,9837628,HZ,1,10/22/2013,2013,10,22,7:55
717514,9837591,HZ,3,10/22/2013,2013,10,22,7:57
743771,9839593,TW,2,10/23/2013,2013,10,23,7:21
746071,9837820,TW,2,10/23/2013,2013,10,23,7:52
733510,9842066,MR,6,10/23/2013,2013,10,23,7:04
733464,9842100,MR,1,10/23/2013,2013,10,23,7:15
720274,9847534,SN,1,10/23/2013,2013,10,23,18:10
744525,9840598,TW,1,10/24/2013,2013,10,24,19:00
718291,9840135,HZ,1,10/24/2013,2013,10,24,7:58
728841,9841496,SS,2,10/26/2013,2013,10,26,7:24
726082,9842504,SS,2,10/27/2013,2013,10,27,18:34
751982,9837697,TW,2,10/28/2013,2013,10,28,5:33
748553,9839138,TW,2,10/28/2013,2013,10,28,8:09
720837,9847592,SN,1,10/28/2013,2013,10,28,6:33
724497,9846525,SN,1,10/29/2013,2013,10,28,7:42
743268,9840638,TW,2,10/29/2013,2013,10,29,6:48
749808,9834209,TW,4,10/29/2013,2013,10,29,7:49
749598,9836736,TW,2,10/29/2013,2013,10,29,19:50
732951,9840928,MR,2,10/29/2013,2013,10,29,16:51
726586,9841085,SS,2,10/29/2013,2013,10,29,7:35
745093,9839187,TW,2,10/30/2013,2013,10,30,6:14
748467,9837406,TW,2,10/30/2013,2013,10,30,18:58
731713,9843998,MR,11,10/30/2013,2013,10,30,7:29
718776,9837476,HZ,1,10/30/2013,2013,10,30,7:41
747082,9834919,TW,2,10/31/2013,2013,10,31,7:21
746890,9834097,TW,1,10/31/2013,2013,10,31,7:27
746489,9833023,TW,2,10/31/2013,2013,10,31,7:38
744869,9839405,TW,2,11/1/2013,2013,11,1,17:24
745763,9838502,TW,1,11/1/2013,2013,11,1,20:06
739631,9842428,FT,1,11/1/2013,2013,11,1,6:39
725162,9839855,SS,1,11/1/2013,2013,11,1,7:30
744961,9840612,TW,1,11/2/2013,2013,11,2,6:15
746269,9838353,TW,2,11/2/2013,2013,11,2,8:41
722765,9846281,SN,2,11/3/2013,2013,11,3,6:05
749854,9837324,TW,1,11/4/2013,2013,11,4,21:08
730089,9838620,MR,6,11/4/2013,2013,11,4,17:59
737672,9842320,MR,2,11/4/2013,2013,11,4,19:27
751870,9837590,TW,2,11/5/2013,2013,11,5,17:05
717736,9837670,HZ,5,11/5/2013,2013,11,5,18:19
747595,9836836,TW,2,11/6/2013,2013,11,6,17:34
746918,9837852,TW,2,11/6/2013,2013,11,6,17:38
741137,9840142,TW,1,11/6/2013,2013,11,6,18:14
751530,9837604,TW,1,11/6/2013,2013,11,6,20:00
740851,9840344,TW,1,11/9/2013,2013,11,9,18:14
745310,9838783,TW,2,11/10/2013,2013,11,10,17:26
726273,9842470,SS,6,11/10/2013,2013,11,10,17:11
727945,9840793,SS,1,11/10/2013,2013,11,10,17:29
720577,9847798,SN,3,11/11/2013,2013,11,11,8:09
742502,9840987,TW,2,11/12/2013,2013,11,12,18:26
725852,9842111,SS,1,11/12/2013,2013,11,12,7:38
727967,9840488,SS,1,11/12/2013,2013,11,12,7:54
742939,9840893,TW,2,11/13/2013,2013,11,13,6:22
747458,9836646,TW,2,11/13/2013,2013,11,13,7:44
743091,9840126,TW,1,11/13/2013,2013,11,13,18:24
746604,9838360,TW,1,11/14/2013,2013,11,14,5:59
742813,9840681,TW,4,11/15/2013,2013,11,15,6:59
744648,9839922,TW,2,11/15/2013,2013,11,15,16:54
745696,9838783,TW,6,11/17/2013,2013,11,17,6:20
742053,9841029,TW,5,11/17/2013,2013,11,17,7:00
747382,9835567,TW,2,11/17/2013,2013,11,17,17:51
720624,9847717,SN,3,11/17/2013,2013,11,17,6:47
748222,9836706,TW,1,11/18/2013,2013,11,18,17:22
744392,9840487,TW,1,11/18/2013,2013,11,18,18:47
733419,9842216,MR,2,11/18/2013,2013,11,18,7:35
723965,9841522,SS,1,11/18/2013,2013,11,18,7:25
742842,9840835,TW,3,11/23/2013,2013,11,23,18:37
742777,9840701,TW,2,11/24/2013,2013,11,24,6:47
747251,9835469,TW,2,11/24/2013,2013,11,24,7:24
724443,9846286,SN,2,11/24/2013,2013,11,24,7:22
724399,9846815,SN,2,11/24/2013,2013,11,24,7:48
747371,9836013,TW,2,11/25/2013,2013,11,25,17:50
725336,9843211,SS,6,11/25/2013,2013,11,25,8:32
734659,9841936,MR,1,11/26/2013,2013,11,26,17:45
726967,9842623,SS,2,11/26/2013,2013,11,26,17:20
742821,9840671,TW,2,11/27/2013,2013,11,27,18:39
724303,9846001,SN,2,11/27/2013,2013,11,27,7:37
718077,9837971,HZ,1,11/27/2013,2013,11,27,18:20
747174,9834920,TW,2,11/28/2013,2013,11,28,7:39
743324,9839208,TW,2,11/28/2013,2013,11,28,17:32
747273,9835323,TW,2,11/28/2013,2013,11,28,18:14
720898,9847584,SN,6,11/28/2013,2013,11,28,17:18
728367,9841205,SS,2,11/28/2013,2013,11,28,8:00
727252,9841977,SS,3,11/28/2013,2013,11,28,8:05
747199,9835684,TW,2,11/29/2013,2013,11,29,18:33
726388,9842467,SS,1,11/29/2013,2013,11,29,17:14
728382,9841158,SS,3,11/29/2013,2013,11,29,17:26
742522,9840238,TW,2,11/30/2013,2013,11,30,5:32
742662,9841013,TW,1,11/30/2013,2013,11,30,7:02
746606,9837012,TW,1,11/30/2013,2013,11,30,18:29
734131,9842063,MR,6,11/30/2013,2013,11,30,8:15
723640,9846146,SN,1,11/30/2013,2013,11,30,7:06
723121,9846563,SN,2,11/30/2013,2013,11,30,7:31
721463,9847487,SN,2,11/30/2013,2013,11,30,8:00
718296,9839943,HZ,1,11/30/2013,2013,11,30,17:53
747141,9834911,TW,1,12/1/2013,2013,12,1,7:29
746316,9837277,TW,5,12/1/2013,2013,12,1,7:53
745091,9839196,TW,1,12/1/2013,2013,12,1,17:34
743534,9840881,TW,3,12/1/2013,2013,12,1,18:57
742740,9838833,TW,2,12/2/2013,2013,12,2,17:34
746184,9834234,TW,2,12/2/2013,2013,12,2,18:06
726991,9838463,SS,2,12/2/2013,2013,12,2,17:59
742788,9836107,TW,2,12/3/2013,2013,12,3,18:38
720838,9847592,SN,5,12/3/2013,2013,12,3,6:33
718836,9836861,HZ,1,12/3/2013,2013,12,3,17:55
742739,9840751,TW,1,12/4/2013,2013,12,4,7:02
742797,9840192,TW,2,12/4/2013,2013,12,4,7:06
723932,9846190,SN,2,12/4/2013,2013,12,4,18:58
725932,9841732,SS,2,12/4/2013,2013,12,4,9:19
742616,9841029,TW,4,12/5/2013,2013,12,5,7:20
734161,9842223,MR,3,12/5/2013,2013,12,5,8:31
720767,9847604,SN,4,12/6/2013,2013,12,6,18:26
724546,9840376,SS,2,12/6/2013,2013,12,6,6:48
723724,9841006,SS,3,12/6/2013,2013,12,6,6:59
749623,9837432,TW,4,12/8/2013,2013,12,8,5:47
742817,9840673,TW,2,12/8/2013,2013,12,8,7:06
743491,9838895,TW,2,12/8/2013,2013,12,8,7:13
743521,9838480,TW,2,12/8/2013,2013,12,8,7:43
746545,9834277,TW,2,12/8/2013,2013,12,8,8:08
743484,9838885,TW,1,12/8/2013,2013,12,8,6:45
743484,9838885,TW,3,12/8/2013,2013,12,8,6:58
742427,9840901,TW,1,12/8/2013,2013,12,8,15:55
733363,9840840,MR,1,12/8/2013,2013,12,8,17:28
720565,9849040,SN,1,12/8/2013,2013,12,8,6:21
720481,9849159,SN,2,12/8/2013,2013,12,8,6:51
721026,9847694,SN,5,12/8/2013,2013,12,8,8:10
743640,9838916,TW,4,12/9/2013,2013,12,9,7:43
744415,9834113,TW,2,12/9/2013,2013,12,9,8:20
742301,9841024,TW,2,12/9/2013,2013,12,9,17:21
725574,9841261,SS,2,12/9/2013,2013,12,9,6:04
726974,9841425,SS,2,12/9/2013,2013,12,9,7:17
727788,9841350,SS,2,12/9/2013,2013,12,9,8:11
725180,9843196,SS,5,12/9/2013,2013,12,9,8:31
744831,9839118,TW,2,12/15/2013,2013,12,15,17:52
746563,9836736,TW,4,12/16/2013,2013,12,16,18:07
745826,9837640,TW,1,12/16/2013,2013,12,16,18:33
747377,9835864,TW,4,12/19/2013,2013,12,19,17:32
745698,9837678,TW,2,12/19/2013,2013,12,19,18:13
726403,9842466,SS,1,12/19/2013,2013,12,19,7:37
748222,9836706,TW,4,12/20/2013,2013,12,20,6:48
744832,9839133,TW,1,12/20/2013,2013,12,20,17:51
746819,9836739,TW,2,12/20/2013,2013,12,20,17:30
743304,9840250,TW,2,12/21/2013,2013,12,21,19:41
727949,9841007,SS,1,12/21/2013,2013,12,21,17:41
727438,9841819,SS,2,12/21/2013,2013,12,21,17:49
749854,9837529,TW,4,12/22/2013,2013,12,22,5:45
743567,9839455,TW,5,12/22/2013,2013,12,22,7:10
743567,9839455,TW,4,12/22/2013,2013,12,22,8:10
752126,9836283,TW,1,12/22/2013,2013,12,22,17:32
720824,9847598,SN,4,12/22/2013,2013,12,22,18:25
720664,9847670,SN,1,12/22/2013,2013,12,22,19:25
743452,9838776,TW,3,12/23/2013,2013,12,23,7:06
719656,9838561,HZ,1,12/23/2013,2013,12,23,19:07
745294,9838050,TW,5,12/24/2013,2013,12,24,6:35
743018,9836495,TW,4,12/24/2013,2013,12,24,7:06
745105,9838145,TW,1,12/24/2013,2013,12,24,18:43
722176,9846805,SN,2,12/24/2013,2013,12,24,8:26
745294,9838050,TW,2,12/25/2013,2013,12,25,6:46
747485,9835822,TW,2,12/26/2013,2013,12,26,8:20
749064,9836914,TW,5,12/26/2013,2013,12,26,17:21
732880,9841835,MR,4,12/26/2013,2013,12,26,7:32
720588,9847790,SN,4,12/26/2013,2013,12,26,18:36
744365,9840048,TW,2,12/27/2013,2013,12,27,19:49
720834,9847514,SN,3,12/27/2013,2013,12,27,19:07
720938,9845978,SN,2,12/27/2013,2013,12,27,19:14
718296,9839943,HZ,1,12/27/2013,2013,12,27,6:41
745709,9838972,TW,1,12/28/2013,2013,12,28,18:57
725305,9843366,SS,1,12/28/2013,2013,12,28,17:17
745757,9839525,TW,2,12/30/2013,2013,12,30,6:24
745692,9837957,TW,5,12/30/2013,2013,12,30,18:29
725201,9843907,SS,2,12/30/2013,2013,12,30,17:08
725263,9842551,SS,1,12/30/2013,2013,12,30,18:09
719535,9840236,HZ,1,1/2/2014,2014,1,2,7:05
718293,9840216,HZ,2,1/2/2014,2014,1,2,7:20
719933,9842728,HZ,2,1/2/2014,2014,1,2,8:34
748684,9836963,TW,1,1/3/2014,2014,1,3,5:56
748669,9837255,TW,1,1/3/2014,2014,1,3,5:58
747246,9835467,TW,1,1/3/2014,2014,1,3,6:37
743702,9839140,TW,1,1/3/2014,2014,1,3,7:36
747797,9836633,TW,4,1/4/2014,2014,1,4,5:49
742618,9839889,TW,1,1/4/2014,2014,1,4,18:27
746223,9836903,TW,2,1/4/2014,2014,1,4,19:09
723441,9844921,SN,3,1/4/2014,2014,1,4,7:05
720760,9847608,SN,1,1/4/2014,2014,1,4,18:17
748406,9837623,TW,1,1/5/2014,2014,1,5,6:46
748295,9837426,TW,5,1/5/2014,2014,1,5,6:47
747797,9836333,TW,1,1/5/2014,2014,1,5,7:10
747582,9835446,TW,1,1/5/2014,2014,1,5,7:15
746012,9835940,TW,2,1/5/2014,2014,1,5,17:46
743521,9838480,TW,2,1/5/2014,2014,1,5,18:13
718341,9839705,HZ,1,1/5/2014,2014,1,5,18:04
741329,9840415,TW,1,1/6/2014,2014,1,6,6:59
748542,9836540,TW,4,1/6/2014,2014,1,6,7:46
744655,9838412,TW,4,1/6/2014,2014,1,6,8:15
742925,9841407,TW,1,1/6/2014,2014,1,6,18:38
743561,9840119,TW,2,1/7/2014,2014,1,7,5:30
741687,9838477,TW,2,1/7/2014,2014,1,7,9:00
747035,9837410,TW,1,1/7/2014,2014,1,7,6:47
745698,9837678,TW,1,1/7/2014,2014,1,7,18:36
746600,9838061,TW,3,1/8/2014,2014,1,8,6:28
746532,9837667,TW,4,1/8/2014,2014,1,8,6:30
743215,9840490,TW,5,1/8/2014,2014,1,8,18:47
743814,9837969,TW,2,1/8/2014,2014,1,8,17:57
747738,9834967,TW,2,1/8/2014,2014,1,8,19:02
750687,9837787,TW,1,1/8/2014,2014,1,8,19:37
751530,9837604,TW,1,1/8/2014,2014,1,8,19:40
746891,9838566,TW,1,1/9/2014,2014,1,9,6:09
749801,9837477,TW,2,1/10/2014,2014,1,10,5:51
748773,9837540,TW,1,1/10/2014,2014,1,10,8:29
746269,9838353,TW,1,1/10/2014,2014,1,10,8:45
746269,9838353,TW,1,1/10/2014,2014,1,10,17:27
747708,9836537,TW,1,1/10/2014,2014,1,10,18:25
720913,9847586,SN,2,1/10/2014,2014,1,10,17:41
721005,9847683,SN,1,1/10/2014,2014,1,10,18:15
723441,9844921,SN,4,1/10/2014,2014,1,10,19:24
725224,9844593,SS,1,1/10/2014,2014,1,10,5:46
748800,9837351,TW,3,1/11/2014,2014,1,11,6:33
748666,9833943,TW,2,1/11/2014,2014,1,11,6:56
750216,9835845,TW,3,1/11/2014,2014,1,11,7:30
730974,9839917,MR,2,1/11/2014,2014,1,11,17:48
733446,9841902,MR,2,1/11/2014,2014,1,11,18:38
748234,9835006,TW,1,1/12/2014,2014,1,12,6:44
746756,9835861,TW,1,1/12/2014,2014,1,12,6:55
724619,9844873,SN,1,1/13/2014,2014,1,13,7:52
751530,9837604,TW,1,1/14/2014,2014,1,14,5:37
746899,9835765,TW,1,1/14/2014,2014,1,14,8:03
746057,9837510,TW,1,1/14/2014,2014,1,14,8:27
745787,9838346,TW,1,1/14/2014,2014,1,14,8:36
728414,9842220,SS,1,1/14/2014,2014,1,14,17:32
749565,9837126,TW,1,1/15/2014,2014,1,15,7:13
743511,9840466,TW,4,1/15/2014,2014,1,15,18:46
745477,9840105,TW,2,1/15/2014,2014,1,15,19:01
747797,9836633,TW,1,1/16/2014,2014,1,16,7:15
720898,9847586,SN,4,1/16/2014,2014,1,16,17:55
723589,9844544,SN,1,1/16/2014,2014,1,16,18:31
749074,9837647,TW,2,1/17/2014,2014,1,17,5:44
742966,9837867,TW,2,1/17/2014,2014,1,17,8:22
749351,9834286,TW,6,1/19/2014,2014,1,19,8:31
725296,9842943,SS,1,1/19/2014,2014,1,19,5:56
732500,9842078,MR,1,1/21/2014,2014,1,21,6:41
723689,9847137,SN,4,1/22/2014,2014,1,22,17:03
728204,9840747,SS,2,1/22/2014,2014,1,22,17:53
743476,9837204,TW,1,1/23/2014,2014,1,23,18:12
746736,9835780,TW,1,1/23/2014,2014,1,23,18:35
748109,9837297,TW,1,1/23/2014,2014,1,23,19:01
747791,9838075,TW,1,1/24/2014,2014,1,24,6:36
748546,9835367,TW,2,1/24/2014,2014,1,24,7:21
747736,9836484,TW,2,1/24/2014,2014,1,24,17:25
746202,9837193,TW,1,1/24/2014,2014,1,24,18:49
720177,9847627,SN,6,1/24/2014,2014,1,24,18:15
751530,9837604,TW,1,1/25/2014,2014,1,25,20:39
727910,9840439,SS,1,1/25/2014,2014,1,25,7:44
726771,9842580,SS,5,1/25/2014,2014,1,25,8:39
727908,9840432,SS,1,2/25/2014,2014,1,25,18:11
751589,9837287,TW,1,1/26/2014,2014,1,26,5:40
750638,9837776,TW,2,1/26/2014,2014,1,26,6:03
747797,9836633,TW,1,1/26/2014,2014,1,26,7:08
748565,9837620,TW,3,1/26/2014,2014,1,26,7:23
751589,9837287,TW,2,1/26/2014,2014,1,26,7:43
751530,9837604,TW,1,1/26/2014,2014,1,26,20:15
721209,9848004,SN,1,1/26/2014,2014,1,26,7:39
724495,9846770,SN,1,1/26/2014,2014,1,26,9:37
744472,9839953,TW,2,1/27/2014,2014,1,27,17:33
726008,9845172,SN,2,1/27/2014,2014,1,27,17:47
717617,9839347,HZ,1,1/27/2014,2014,1,27,7:56
748655,9837694,TW,1,1/28/2014,2014,1,28,5:44
747793,9837705,TW,2,1/28/2014,2014,1,28,18:27
744911,9835021,TW,2,1/29/2014,2014,1,29,18:36
722159,9847636,SN,5,1/29/2014,2014,1,29,17:48
727964,9840487,SS,1,1/30/2014,2014,1,30,7:39
748333,9837198,TW,3,1/31/2014,2014,1,31,7:25
742574,9841855,TW,2,1/31/2014,2014,1,31,17:49
750262,9834226,TW,5,2/1/2014,2014,2,1,7:06
749138,9837259,TW,4,2/2/2014,2014,2,2,9:07
724565,9844984,SN,2,2/2/2014,2014,2,2,8:19
724478,9844920,SN,2,2/2/2014,2014,2,2,20:13
727089,9842371,SS,1,2/2/2014,2014,2,2,7:35
726766,9842584,SS,1,2/2/2014,2014,2,2,7:38
745514,9837707,TW,1,2/3/2014,2014,2,3,7:50
745018,9838398,TW,1,2/3/2014,2014,2,3,18:06
748946,9837517,TW,2,2/3/2014,2014,2,3,18:33
727944,9840450,SS,2,2/4/2014,2014,2,4,7:57
718416,9839082,HZ,1,2/4/2014,2014,2,4,18:33
723441,9844921,SN ,1,2/5/2014,2014,2,5,8:13
744951,9838247,TW,2,2/6/2014,2014,2,6,18:26
751670,9837605,TW,2,2/6/2014,2014,2,6,20:15
717607,9839151,HZ,4,2/6/2014,2014,2,6,7:03
718481,9840881,HZ,2,2/6/2014,2014,2,6,7:36
731979,9841265,MR,3,2/7/2014,2014,2,7,6:39
731310,9841515,MR,2,2/7/2014,2014,2,7,7:51
723441,9844921,SN,1,2/7/2014,2014,2,7,19:46
744871,9838216,TW,1,2/8/2014,2014,2,8,17:56
743750,9839012,TW,1,2/8/2014,2014,2,8,18:06
745911,9837622,TW,1,2/8/2014,2014,2,8,18:48
748018,9837673,TW,1,2/9/2014,2014,2,9,7:39
750393,9837627,TW,1,2/9/2014,2014,2,9,8:09
746829,9836994,TW,1,2/9/2014,2014,2,9,17:34
744365,9835095,TW,3,2/9/2014,2014,2,9,17:54
748468,9838140,TW,1,2/9/2014,2014,2,9,20:03
718412,9839314,HZ,1,2/9/2014,2014,2,9,18:39
748505,9838144,TW,2,2/10/2014,2014,2,10,6:36
742324,9839919,TW,4,2/10/2014,2014,2,10,20:01
727405,9840295,SS,2,2/10/2014,2014,2,10,7:54
719039,9842617,HZ,2,2/11/2014,2014,2,11,6:23
747462,9836318,TW,1,2/12/2014,2014,2,12,7:32
743239,9840616,TW,2,2/12/2014,2014,2,12,18:02
743544,9836590,TW,1,2/13/2014,2014,2,13,8:14
751982,9837697,TW,1,2/13/2014,2014,2,13,17:16
747797,9836633,TW,4,2/13/2014,2014,2,13,18:58
720972,9847696,SN,4,2/13/2014,2014,2,13,8:47
743342,9840646,TW,2,2/14/2014,2014,2,14,17:21
745452,9838664,TW,5,2/14/2014,2014,2,14,19:55
750861,9837804,TW,6,2/15/2014,2014,2,15,5:37
749789,9837530,TW,2,2/15/2014,2014,2,15,6:51
747248,9837085,TW,3,2/15/2014,2014,2,15,7:57
750276,9836510,TW,1,2/15/2014,2014,2,15,18:49
751013,9837786,TW,1,2/15/2014,2014,2,15,20:09
721201,9847571,SN,1,2/15/2014,2014,2,15,8:18
724171,9846929,SN,2,2/15/2014,2014,2,15,8:34
727289,9842016,SS,1,2/15/2014,2014,2,15,18:25
748807,9836032,TW,3,2/16/2014,2014,2,16,6:51
749021,9835668,TW,2,2/16/2014,2014,2,16,18:52
721209,9848004,SN,1,2/16/2014,2014,2,16,18:22
722069,9846946,SN,2,2/16/2014,2014,2,16,18:59
722656,9846214,SN,2,2/16/2014,2014,2,16,19:03
748565,9837620,TW,1,2/17/2014,2014,2,17,6:56
746238,9838064,TW,5,2/17/2014,2014,2,17,7:18
744686,9830482,TW,2,2/17/2014,2014,2,17,18:09
743852,9840260,TW,2,2/17/2014,2014,2,17,18:16
742691,9840702,TW,2,2/17/2014,2014,2,17,18:21
745229,9837857,TW,1,2/17/2014,2014,2,17,18:38
745698,9837678,TW,2,2/17/2014,2014,2,17,18:40
727202,9842261,SS,2,2/17/2014,2014,2,17,7:10
726388,9838733,SS,1,2/17/2014,2014,2,17,8:07
727287,9842108,SS,4,2/17/2014,2014,2,17,8:33
727202,9842261,SS,1,2/17/2014,2014,2,17,8:36
717375,9839121,HZ,3,2/17/2014,2014,2,17,18:19
718077,9837971,HZ,3,2/17/2014,2014,2,17,18:35
748753,9837616,TW,2,2/18/2014,2014,2,18,5:46
745410,9837843,TW,1,2/18/2014,2014,2,18,7:55
747258,9836932,TW,1,2/19/2014,2014,2,19,17:43
744950,9839357,TW,2,2/19/2014,2014,2,19,18:03
743398,9838603,TW,1,2/19/2014,2014,2,19,18:23
743671,9840325,TW,6,2/21/2014,2014,2,21,7:51
726868,9839782,SS,2,2/21/2014,2014,2,21,17:46
727788,9841350,SS,2,2/21/2014,2014,2,21,18:01
747110,9836658,TW,2,2/22/2014,2014,2,22,18:46
747173,9836967,TW,2,2/22/2014,2014,2,22,18:48
747842,9836971,TW,3,2/22/2014,2014,2,22,19:02
720800,9847490,SN,1,2/22/2014,2014,2,22,17:55
717755,9841592,HZ,2,2/22/2014,2014,2,22,18:05
746430,9836807,TW,5,2/23/2014,2014,2,23,8:03
727190,9838811,SS,2,2/23/2014,2014,2,23,7:39
743582,9840381,TW,4,2/24/2014,2014,2,24,7:46
743516,9840214,TW,2,2/24/2014,2014,2,24,18:24
720711,9847624,SN,4,2/24/2014,2014,2,24,8:12
727202,9842261,SS,6,2/24/2014,2014,2,24,17:18
727447,9841906,SS,2,2/24/2014,2014,2,24,17:22
746673,9837962,TW,4,2/25/2014,2014,2,25,7:28
746035,9839346,TW,4,2/25/2014,2014,2,25,7:56
720736,9847609,SN,3,2/25/2014,2014,2,25,8:38
720736,9847609,SN,2,2/25/2014,2014,2,25,8:53
722659,9846790,SN,2,2/25/2014,2014,2,25,6:52
724479,9845899,SN,2,2/25/2014,2014,2,25,17:04
727275,9839694,SS,2,2/25/2014,2014,2,25,17:50
747797,9836633,TW,2,2/26/2014,2014,2,26,6:55
745229,9837857,TW,1,2/26/2014,2014,2,26,7:32
747797,9836633,TW,1,2/26/2014,2014,2,26,8:33
720755,9847607,SN,2,2/26/2014,2014,2,26,18:29
724271,9846885,SN,2,2/26/2014,2014,2,26,18:55
717613,9839341,HZ,2,2/26/2014,2014,2,26,7:26
718416,9839082,HZ,4,2/26/2014,2014,2,26,18:33
732881,9842047,MR,1,2/27/2014,2014,2,27,8:46
720624,9847584,SN,5,2/27/2014,2014,2,27,7:00
721252,9848732,SN,2,2/27/2014,2014,2,27,7:13
727118,9842034,SS,3,2/27/2014,2014,2,27,6:56
727276,9840484,SS,4,2/27/2014,2014,2,27,7:12
726898,9841516,SS,1,2/27/2014,2014,2,27,8:21
718416,9839082,HZ,1,2/27/2014,2014,2,27,18:26
717806,9839517,HZ,1,2/27/2014,2014,2,27,18:04
717338,9841733,HZ,2,2/27/2014,2014,2,27,18:29
743873,9830795,TW,2,2/28/2014,2014,2,28,7:51
743308,9840631,TW,1,2/28/2014,2014,2,28,7:55
734620,9843832,MR,1,2/28/2014,2014,2,28,19:33
720792,9847599,SN,5,2/28/2014,2014,2,28,7:07
726730,9841812,SS,6,2/28/2014,2014,2,28,8:17
750830,9838096,TW,1,3/1/2014,2014,3,1,8:27
724343,9846836,SN,2,3/1/2014,2014,3,1,6:53
718296,9839943,HZ,2,3/1/2014,2014,3,1,17:35
749773,9837505,TW,1,3/3/2014,2014,3,3,5:40
726173,9843975,SS,1,3/3/2014,2014,3,3,17:34
725217,9844446,SS,2,3/3/2014,2014,3,3,17:39
746918,9835687,TW,1,3/4/2014,2014,3,4,7:07
746997,9836480,TW,3,3/4/2014,2014,3,4,7:15
717269,9841706,HZ,2,3/4/2014,2014,3,4,18:07
724753,9846713,SN,2,3/5/2014,2014,3,5,7:13
729994,9840402,MR,3,3/6/2014,2014,3,6,8:27
723441,9844921,SN,4,3/6/2014,2014,3,6,6:25
724626,9846648,SN,2,3/9/2014,2014,3,9,6:34
746689,9836563,TW,4,3/10/2014,2014,3,10,7:11
723441,9844921,SN,1,3/10/2014,2014,3,10,6:34
744885,9838400,TW,1,3/11/2014,2014,3,11,7:16
743146,9835003,TW,1,3/12/2014,2014,3,12,7:43
724629,9845038,SN,1,3/12/2014,2014,3,12,6:32
748222,9836706,TW,2,3/17/2014,2014,3,17,6:28
748662,9836751,TW,3,3/17/2014,2014,3,17,6:59
743072,9830570,TW,3,3/18/2014,2014,3,18,9:42
748032,9833718,TW,1,3/18/2014,2014,3,18,17:49
739000,9840200,FT,1,3/18/2014,2014,3,18,5:43
723441,9844921,SN,2,3/18/2014,2014,3,18,6:12
750806,9837655,TW,2,3/19/2014,2014,3,19,17:23
739194,9840395,FT,1,3/19/2014,2014,3,19,8:09
720746,9847610,SN,2,3/19/2014,2014,3,19,17:50
748222,9836706,TW,2,3/20/2014,2014,3,20,17:41
723441,9844921,SN ,4,3/20/2014,2014,3,20,8:17
730222,9839832,MR,1,3/21/2014,2014,3,21,7:48
743212,9836350,TW,1,3/22/2014,2014,3,22,7:08
718296,9839943,HZ,1,3/23/2014,2014,3,23,18:04
727558,9840214,SS,1,3/24/2014,2014,3,24,8:02
727202,9842261,SS,1,3/24/2014,2014,3,24,8:21
724359,9844879,SN,5,3/27/2014,2014,3,27,8:18
725371,9837816,SS,2,3/27/2014,2014,3,27,7:20
723102,9844843,SN,1,3/28/2014,2014,3,28,18:27
718315,9841370,HZ,1,3/29/2014,2014,3,29,19:42
