Easting,Northing,Clan,SumOfTotal,Date,Year,Month,Day,Time
742563,9839126,TW,2,1/3/2014,2014,1,3,18:00
742925,9839149,TW,1,1/6/2014,2014,1,6,8:24
747035,9837410,TW,2,1/7/2014,2014,1,7,6:47
741687,9838477,TW,4,1/7/2014,2014,1,7,8:51
743691,9834098,TW,3,1/8/2014,2014,1,8,17:46
741725,9838452,TW,4,1/9/2014,2014,1,9,8:01
745038,9838128,TW,3,1/10/2014,2014,1,10,17:36
750216,9835845,TW,2,1/11/2014,2014,1,11,7:48
742423,9836128,TW,3,1/15/2014,2014,1,15,18:06
749557,9834160,TW,3,1/19/2014,2014,1,19,8:45
742793,9839246,TW,4,1/20/2014,2014,1,20,7:37
747315,9835313,TW,7,1/20/2014,2014,1,20,8:21
750345,9836974,TW,1,1/26/2014,2014,1,26,7:35
749291,9836145,TW,1,1/28/2014,2014,1,28,7:04
749197,9835837,TW,1,1/28/2014,2014,1,28,7:17
745309,9833940,TW,3,1/28/2014,2014,1,28,7:54
748936,9835645,TW,1,1/28/2014,2014,1,28,17:45
746604,9838360,TW,1,1/30/2014,2014,1,30,5:36
750262,9834226,TW,1,2/2/2014,2014,2,2,7:06
750262,9834226,TW,1,2/2/2014,2014,2,2,7:38
745283,9838709,TW,7,2/10/2014,2014,2,10,20:13
743681,9836686,TW,3,2/12/2014,2014,2,12,8:15
743585,9838217,TW,6,2/14/2014,2014,2,14,17:34
742717,9839154,TW,2,2/21/2014,2014,2,21,8:05
742355,9838815,TW,5,2/21/2014,2014,2,21,8:12
744359,9834477,TW,3,2/22/2014,2014,2,22,18:17
743675,9836487,TW,3,2/24/2014,2014,2,24,18:28
743754,9838238,TW,1,3/16/2014,2014,3,16,18:00
741343,9834982,TW,3,3/22/2014,2014,3,22,18:00
738994,9842959,FT,1,1/23/2014,2014,1,23,17:50
737074,9837269,FT,9,3/12/2014,2014,3,12,8:02
734106,9839293,MR,1,3/11/2014,2014,3,11,8:28
721834,9847328,SN,4,1/4/2014,2014,1,4,17:44
721790,9846658,SN,2,1/6/2014,2014,1,6,7:43
722425,9844754,SN,1,1/20/2014,2014,1,20,7:41
720048,9847835,SN,10,1/24/2014,2014,1,24,18:18
721588,9847550,SN,1,1/24/2014,2014,1,24,18:38
724586,9847411,SN,2,1/27/2014,2014,1,27,18:20
719822,9847499,SN,1,2/25/2014,2014,2,25,8:42
725233,9843838,SS,1,1/5/2014,2014,1,5,5:43
727493,9842689,SS,3,2/25/2014,2014,2,25,18:36
727276,9840484,SS,2,2/27/2014,2014,2,27,7:12
715779,9836212,HZ,2,1/2/2014,2014,1,2,7:44
721322,9844287,HZ,2,1/5/2014,2014,1,5,17:15
719235,9838638,HZ,4,1/17/2014,2014,1,17,7:40
716603,9842821,HZ,4,1/25/2014,2014,1,25,18:28
718864,9841965,HZ,1,1/30/2014,2014,1,30,17:20
717083,9841632,HZ,4,2/1/2014,2014,2,1,7:19
718796,9840149,HZ,1,2/8/2014,2014,2,8,7:06
720116,9840087,HZ,1,2/8/2014,2014,2,8,7:24
718296,9839943,HZ,3,2/9/2014,2014,2,9,17:51
716389,9840426,HZ,3,2/11/2014,2014,2,11,8:12
718296,9839943,HZ,1,3/10/2014,2014,3,10,7:59
720712,9841909,HZ,2,3/22/2014,2014,3,22,8:21
746867,9835628,TW,3,1/3/2013,2013,1,3,7:43
745310,9838783,TW,4,1/10/2013,2013,1,10,19:56
750025,9834328,TW,2,1/13/2013,2013,1,13,17:46
745178,9839118,TW,2,1/19/2013,2013,1,19,6:56
745018,9838398,TW,2,1/21/2013,2013,1,21,18:17
745472,9838676,TW,1,1/22/2013,2013,1,22,6:19
745310,9838783,TW ,4,1/22/2013,2013,1,22,6:20
743722,9840562,TW,4,1/24/2013,2013,1,24,18:43
742104,9842026,TW,16,1/26/2013,2013,1,26,17:47
742554,9841766,TW,1,1/27/2013,2013,1,27,18:10
742115,9841985,TW,8,1/27/2013,2013,1,27,18:31
744106,9838918,TW,4,1/28/2013,2013,1,28,18:05
745671,9838501,TW,4,2/1/2013,2013,2,1,17:32
743446,9839350,TW,2,2/1/2013,2013,2,1,17:50
743522,9839298,TW,2,2/4/2013,2013,2,4,6:37
744083,9840010,TW,4,2/4/2013,2013,2,4,6:57
745486,9838530,TW,3,2/4/2013,2013,2,4,19:05
745350,9838582,TW,1,2/4/2013,2013,2,4,19:11
744577,9837956,TW,2,2/5/2013,2013,2,5,7:42
744395,9838300,TW,2,2/5/2013,2013,2,5,18:39
745505,9838869,TW,1,2/7/2013,2013,2,7,6:53
744927,9839015,TW,3,2/7/2013,2013,2,7,6:58
744218,9839558,TW,2,2/8/2013,2013,2,8,7:53
743628,9840334,TW,3,2/9/2013,2013,2,9,6:31
742723,9840970,TW,1,2/9/2013,2013,2,9,6:42
742993,9839344,TW,2,2/9/2013,2013,2,9,6:52
743702,9839140,TW,2,2/10/2013,2013,2,10,18:07
746431,9837129,TW,3,2/15/2013,2013,2,15,18:03
749091,9834774,TW,1,2/15/2013,2013,2,15,18:45
742566,9838990,TW,2,2/19/2013,2013,2,19,17:39
745096,9838414,TW,3,2/24/2013,2013,2,24,7:10
745147,9838423,TW,1,2/27/2013,2013,2,27,8:42
743884,9838162,TW,1,3/10/2013,2013,3,10,7:50
747861,9835416,TW,2,3/10/2013,2013,3,10,8:04
743845,9839316,TW,1,3/10/2013,2013,3,10,6:59
743702,9839140,TW,3,3/10/2013,2013,3,10,7:03
743935,9838978,TW,1,3/13/2013,2013,3,13,7:07
743131,9839958,TW,3,3/15/2013,2013,3,15,7:00
744822,9834690,TW,1,3/23/2013,2013,3,23,8:21
742413,9840129,TW,3,4/6/2013,2013,4,6,7:11
745018,9838398,TW,3,4/8/2013,2013,4,8,18:11
744768,9838467,TW,2,4/14/2013,2013,4,14,18:09
748751,9835821,TW,1,4/20/2013,2013,4,20,18:20
752390,9836825,TW,1,4/22/2013,2013,4,22,20:09
744215,9838620,TW,1,4/24/2013,2013,4,24,17:39
743638,9840657,TW,7,4/29/2013,2013,4,29,7:20
744775,9839233,TW,3,4/29/2013,2013,4,29,6:40
743647,9840814,TW,12,4/29/2013,2013,4,29,18:38
751870,9837590,TW,1,4/30/2013,2013,4,30,20:17
747777,9836833,TW,2,5/3/2013,2013,5,3,7:48
747797,9836633,TW,2,5/6/2013,2013,5,6,6:43
742590,9841831,TW,12,5/6/2013,2013,5,6,17:45
749275,9836248,TW,3,5/7/2013,2013,5,7,18:32
748664,9836580,TW,2,5/8/2013,2013,5,8,18:27
745934,9838732,TW,1,5/11/2013,2013,5,11,17:44
746328,9838086,TW,1,5/11/2013,2013,5,11,20:02
746401,9838316,TW,3,5/14/2013,2013,5,14,6:07
748616,9835690,TW,2,5/15/2013,2013,5,15,8:44
747660,9836497,TW,2,5/16/2013,2013,5,16,6:26
744746,9840914,TW,14,5/16/2013,2013,5,16,7:06
747689,9836540,TW,2,5/16/2013,2013,5,16,7:56
744987,9840579,TW,7,5/17/2013,2013,5,17,18:40
745060,9840352,TW,5,5/17/2013,2013,5,17,18:48
748664,9835885,TW,2,5/19/2013,2013,5,19,17:29
745142,9839938,TW,3,5/19/2013,2013,5,19,18:33
749624,9837397,TW,1,5/20/2013,2013,5,20,6:18
744951,9840821,TW,12,5/20/2013,2013,5,20,17:44
748807,9836032,TW,1,5/20/2013,2013,5,20,18:40
744883,9838772,TW,4,5/22/2013,2013,5,22,7:23
747937,9837196,TW,2,5/23/2013,2013,5,23,6:35
744175,9838840,TW,3,5/23/2013,2013,5,23,7:01
743769,9840502,TW,11,5/23/2013,2013,5,23,18:17
748126,9835148,TW,2,5/24/2013,2013,5,24,8:17
748271,9835226,TW,2,5/24/2013,2013,5,24,17:43
745910,9834591,TW,5,5/26/2013,2013,5,26,7:29
750435,9834604,TW,4,5/26/2013,2013,5,26,8:10
745249,9839005,TW,3,5/26/2013,2013,5,26,19:50
749726,9834236,TW,2,5/27/2013,2013,5,27,7:45
745534,9838531,TW,3,5/27/2013,2013,5,27,18:18
747399,9835640,TW,7,6/5/2013,2013,6,5,8:03
748192,9835259,TW,5,6/6/2013,2013,6,6,17:37
748416,9836525,TW,3,6/8/2013,2013,6,8,6:23
743071,9840082,TW,3,6/18/2013,2013,6,18,18:34
743619,9839115,TW,3,6/19/2013,2013,6,19,7:24
743580,9839231,TW,2,6/19/2013,2013,6,19,17:48
743580,9839231,TW,11,6/19/2013,2013,6,19,17:52
744094,9839430,TW,2,6/21/2013,2013,6,21,8:52
743702,9839140,TW,12,6/21/2013,2013,6,21,18:03
743385,9840454,TW,13,6/24/2013,2013,6,24,8:03
746841,9833337,TW,1,8/15/2013,2013,8,15,18:28
743722,9834402,TW,1,8/23/2013,2013,8,23,18:02
743657,9834244,TW,2,8/23/2013,2013,8,23,18:18
743570,9835040,TW,3,9/4/2013,2013,9,4,17:47
743439,9835131,TW,2,9/5/2013,2013,9,5,18:13
744795,9834982,TW,3,10/14/2013,2013,10,14,18:20
741955,9835738,TW,10,11/2/2013,2013,11,2,7:52
746581,9834015,TW,2,11/4/2013,2013,11,4,17:43
742864,9841474,TW,3,11/14/2013,2013,11,14,18:36
742600,9841387,TW,2,11/19/2013,2013,11,19,6:32
742474,9841351,TW,1,12/4/2013,2013,12,4,6:39
742616,9841029,TW,1,12/5/2013,2013,12,5,6:38
742616,9841029,TW,1,12/5/2013,2013,12,5,7:20
741840,9841979,TW,2,12/8/2013,2013,12,8,6:23
742474,9841351,TW,2,12/20/2013,2013,12,20,18:32
743567,9839455,TW,1,12/22/2013,2013,12,22,7:10
742497,9839061,TW,2,12/22/2013,2013,12,22,17:24
745124,9840497,TW,15,12/24/2013,2013,12,24,19:04
745194,9840304,TW,1,12/28/2013,2013,12,28,18:19
745814,9833755,TW,1,12/29/2013,2013,12,29,17:41
743625,9835766,TW,3,12/29/2013,2013,12,29,17:58
738515,9842424,FT,4,2/14/2013,2013,2,14,18:43
739023,9839809,FT,1,5/6/2013,2013,5,6,18:45
738872,9839871,FT,5,5/6/2013,2013,5,6,18:56
739428,9840149,FT,4,5/13/2013,2013,5,13,19:33
739586,9839633,FT,4,7/29/2013,2013,7,29,8:29
739853,9842316,FT,3,8/8/2013,2013,8,8,6:53
741170,9841512,FT,2,8/8/2013,2013,8,8,18:16
739778,9842424,FT,3,8/8/2013,2013,8,8,18:29
739898,9841706,FT,2,8/21/2013,2013,8,21,18:13
738485,9842298,FT,3,8/24/2013,2013,8,24,18:23
738512,9837445,FT,1,8/31/2013,2013,8,31,7:44
737507,9836985,FT,2,9/7/2013,2013,9,7,9:03
738626,9836959,FT,4,9/7/2013,2013,9,7,9:14
738220,9841434,FT,4,10/30/2013,2013,10,30,5:51
733402,9839484,MR,2,1/15/2013,2013,1,15,6:14
730646,9840874,MR,2,1/15/2013,2013,1,15,7:51
733680,9842334,MR,7,1/29/2013,2013,1,29,7:39
732861,9842244,MR,2,2/6/2013,2013,2,6,8:04
730970,9841773,MR,2,6/3/2013,2013,6,3,7:21
730237,9841282,MR,5,6/9/2013,2013,6,9,7:19
729941,9845319,MR,3,7/26/2013,2013,7,26,9:01
731961,9841248,MR,6,10/30/2013,2013,10,30,6:18
720751,9851603,SN,2,1/1/2013,2013,1,1,17:50
720746,9852205,SN,9,1/1/2013,2013,1,1,18:02
724313,9845638,SN,1,1/3/2013,2013,1,3,9:33
724501,9845471,SN,6,1/3/2013,2013,1,3,10:08
724291,9845756,SN,1,1/5/2013,2013,1,5,16:57
723789,9847365,SN,1,1/5/2013,2013,1,5,17:09
721294,9844877,SN,1,1/11/2013,2013,1,11,20:43
721576,9844614,SN,6,1/24/2013,2013,1,24,6:03
721001,9847064,SN,1,1/29/2013,2013,1,29,17:25
721148,9847837,SN,1,1/30/2013,2013,1,30,17:14
719548,9850962,SN,1,2/1/2013,2013,2,1,7:32
722629,9846994,SN,1,2/1/2013,2013,2,1,9:09
723044,9846714,SN,1,2/3/2013,2013,2,3,8:50
722206,9847912,SN,7,2/4/2013,2013,2,4,8:49
721942,9847698,SN,2,2/5/2013,2013,2,5,17:39
721234,9848220,SN,4,2/6/2013,2013,2,6,7:22
719974,9851160,SN,1,2/7/2013,2013,2,7,6:55
721949,9847700,SN,6,2/7/2013,2013,2,7,17:31
721209,9848004,SN,1,2/7/2013,2013,2,7,17:39
720662,9840148,SN,6,2/13/2013,2013,2,13,17:39
720999,9849783,SN,2,2/25/2013,2013,2,25,17:39
722126,9847976,SN,5,3/4/2013,2013,3,4,7:33
720715,9848134,SN,1,3/6/2013,2013,3,6,17:50
721299,9853141,SN,1,3/13/2013,2013,3,13,17:55
721126,9854090,SN,6,3/13/2013,2013,3,13,18:02
720890,9847586,SN,4,3/15/2013,2013,3,15,6:51
722764,9847358,SN,6,3/15/2013,2013,3,15,8:03
720672,9849833,SN,6,3/16/2013,2013,3,16,18:14
719692,9849653,SN,2,3/18/2013,2013,3,18,7:48
721063,9847548,SN,2,5/12/2013,2013,5,12,7:09
720969,9849857,SN,3,5/22/2013,2013,5,22,7:10
720922,9850984,SN,2,5/27/2013,2013,5,27,8:02
721132,9850194,SN,3,6/3/2013,2013,6,3,17:32
720858,9851276,SN,1,6/3/2013,2013,6,3,17:47
721182,9848096,SN,2,6/9/2013,2013,6,9,7:27
721209,9848004,SN,1,6/9/2013,2013,6,9,18:00
721212,9849086,SN,2,6/16/2013,2013,6,16,8:15
722161,9843701,SN,2,6/19/2013,2013,6,19,8:06
711218,9849061,SN,2,6/19/2013,2013,6,19,17:17
721214,9849057,SN,4,6/19/2013,2013,6,19,17:45
721047,9850367,SN,3,6/25/2013,2013,6,25,17:58
720919,9850151,SN,3,6/26/2013,2013,6,26,8:17
719827,9848133,SN,2,6/27/2013,2013,6,27,7:30
720683,9849825,SN,2,6/27/2013,2013,6,27,8:26
719703,9847257,SN,4,7/7/2013,2013,7,7,8:54
720968,9849883,SN,1,7/21/2013,2013,7,21,17:39
722111,9847986,SN,4,7/23/2013,2013,7,23,9:04
721388,9846766,SN,3,7/26/2013,2013,7,26,18:02
724557,9844972,SN,5,7/28/2013,2013,7,28,6:01
724505,9844934,SN,5,7/28/2013,2013,7,28,6:29
723298,9845492,SN,1,7/28/2013,2013,7,28,18:49
724313,9844866,SN,1,7/28/2013,2013,7,28,17:30
723014,9847009,SN,3,8/6/2013,2013,8,6,6:51
722708,9847210,SN,4,8/10/2013,2013,8,10,17:11
724525,9846137,SN,4,8/16/2013,2013,8,16,17:11
719964,9851565,SN,4,8/24/2013,2013,8,24,18:04
719646,9850770,SN,1,9/1/2013,2013,9,1,7:47
717098,9851261,SN,5,9/1/2013,2013,9,1,8:05
720751,9851603,SN,1,9/1/2013,2013,9,1,9:15
723100,9847134,SN,4,9/12/2013,2013,9,12,8:53
717659,9850704,SN,9,9/13/2013,2013,9,13,18:05
723764,9847153,SN,5,9/16/2013,2013,9,16,18:09
723346,9846645,SN,3,9/18/2013,2013,9,18,17:16
720592,9848301,SN,2,9/24/2013,2013,9,24,17:44
724215,9845364,SN,1,10/1/2013,2013,10,1,9:18
723073,9844842,SN,9,10/2/2013,2013,10,2,19:51
724595,9845010,SN,7,10/7/2013,2013,10,7,5:56
724481,9845905,SN,1,10/10/2013,2013,10,10,6:04
722877,9846647,SN,3,10/10/2013,2013,10,10,6:40
724175,9847039,SN,7,10/13/2013,2013,10,13,17:48
719703,9851429,SN,2,10/16/2013,2013,10,16,17:48
720468,9850666,SN,2,10/16/2013,2013,10,16,18:06
720986,9847039,SN,2,10/18/2013,2013,10,18,18:11
723178,9844856,SN,1,10/25/2013,2013,10,25,19:19
723325,9847545,SN,4,10/26/2013,2013,10,26,17:21
721239,9848865,SN,3,10/26/2013,2013,10,26,18:10
724037,9844896,SN,1,10/28/2013,2013,10,28,6:04
722886,9844813,SN,1,10/28/2013,2013,10,28,17:23
723516,9847309,SN,1,10/29/2013,2013,10,29,17:16
720808,9851795,SN,9,11/3/2013,2013,11,3,7:05
721651,9847966,SN,3,11/5/2013,2013,11,5,8:27
724443,9846286,SN,9,11/24/2013,2013,11,24,6:30
723763,9846530,SN,5,11/25/2013,2013,11,25,17:15
724390,9845214,SN,2,11/26/2013,2013,11,26,5:47
723990,9845939,SN,2,11/27/2013,2013,11,27,7:47
722233,9847946,SN,2,11/30/2013,2013,11,30,8:27
721535,9847511,SN,3,12/3/2013,2013,12,3,7:58
723770,9846927,SN,2,12/3/2013,2013,12,3,8:42
720565,9849040,SN,3,12/8/2013,2013,12,8,6:21
724405,9846559,SN,4,12/20/2013,2013,12,20,17:29
724230,9846901,SN,1,12/20/2013,2013,12,20,17:34
724864,9847115,SN,1,12/22/2013,2013,12,22,17:09
724428,9847213,SN,3,12/22/2013,2013,12,22,17:32
722998,9847236,SN,2,12/22/2013,2013,12,22,17:46
722233,9847946,SN,2,12/22/2013,2013,12,22,17:51
721320,9844825,SN,5,12/24/2013,2013,12,24,6:38
720506,9851823,SN,5,12/24/2013,2013,12,24,7:52
723520,9847274,SN,5,12/27/2013,2013,12,27,17:18
720219,9850772,SN,5,12/27/2013,2013,12,27,18:09
726914,9842550,SS,2,2/2/2013,2013,2,2,19:54
724451,9842641,SS,4,3/16/2013,2013,3,16,8:02
727338,9839276,SS,1,5/15/2013,2013,5,15,6:36
725261,9841843,SS,5,5/15/2013,2013,5,15,7:28
725002,9843774,SS,3,5/22/2013,2013,5,22,8:02
726333,9842611,SS,4,7/15/2013,2013,7,15,19:42
725061,9842224,SS,1,7/18/2013,2013,7,18,17:47
727467,9839542,SS,1,7/27/2013,2013,7,27,18:12
725061,9842224,SS,3,8/5/2013,2013,8,5,6:25
725305,9843366,SS,5,8/8/2013,2013,8,8,6:16
727694,9841973,SS,1,8/18/2013,2013,8,18,7:09
727633,9842601,SS,3,8/25/2013,2013,8,25,8:34
727671,9842621,SS,3,8/25/2013,2013,8,25,8:12
725120,9843472,SS,8,9/25/2013,2013,9,25,7:15
727036,9839207,SS,5,10/1/2013,2013,10,1,18:22
727149,9839880,SS,1,10/3/2013,2013,10,3,7:32
728471,9842483,SS,1,10/21/2013,2013,10,21,7:55
727116,9841989,SS,5,12/26/2013,2013,12,26,8:25
718235,9843735,HZ,1,1/16/2013,2013,1,16,17:46
717949,9843753,HZ,1,1/27/2013,2013,1,27,8:03
718475,9840747,HZ,3,2/2/2013,2013,2,2,6:20
719637,9842531,HZ,2,2/9/2013,2013,2,9,18:33
718048,9842058,HZ,3,2/15/2013,2013,2,15,17:45
718476,9841055,HZ,3,2/16/2013,2013,2,16,6:10
718092,9841661,HZ,1,2/20/2013,2013,2,20,6:09
719087,9840152,HZ,2,2/20/2013,2013,2,20,6:22
719829,9840091,HZ,3,3/1/2013,2013,3,1,6:38
721149,9842842,HZ,5,3/3/2013,2013,3,3,7:30
717670,9841366,HZ,3,3/17/2013,2013,3,17,7:35
717870,9839367,HZ,2,5/26/2013,2013,5,26,7:12
718287,9840132,HZ,5,6/9/2013,2013,6,9,7:27
718139,9840357,HZ,1,6/16/2013,2013,6,16,18:00
718367,9840702,HZ,1,6/16/2013,2013,6,16,18:32
716850,9839462,HZ,5,6/17/2013,2013,6,17,18:04
706277,9840329,HZ,2,6/18/2013,2013,6,18,17:38
716445,9839171,HZ,2,6/21/2013,2013,6,21,18:15
717248,9839957,HZ,4,6/22/2013,2013,6,22,18:11
718296,9839943,HZ,1,6/22/2013,2013,6,22,18:47
717946,9841795,HZ,3,6/24/2013,2013,6,24,17:25
715473,9838521,HZ,4,6/25/2013,2013,6,25,17:55
716865,9841017,HZ,2,6/26/2013,2013,6,26,17:43
717455,9839203,HZ,2,7/2/2013,2013,7,2,17:30
719289,9845215,HZ,2,8/15/2013,2013,8,15,17:10
714514,9840492,HZ,2,8/21/2013,2013,8,21,18:27
718463,9841114,HZ,1,8/24/2013,2013,8,24,17:54
720509,9841514,HZ,1,10/19/2013,2013,10,19,8:19
720898,9844095,HZ,1,10/20/2013,2013,10,20,19:34
719039,9843152,HZ,1,10/24/2013,2013,10,24,8:30
718331,9844961,HZ,1,10/30/2013,2013,10,30,8:29
718332,9845340,HZ,3,10/30/2013,2013,10,30,8:35
719360,9845704,HZ,1,10/30/2013,2013,10,30,8:50
718439,9842749,HZ,2,11/2/2013,2013,11,2,6:04
718512,9842769,HZ,1,11/2/2013,2013,11,2,8:44
718526,9842766,HZ,2,11/4/2013,2013,11,4,6:20
743669,9836170,TW,6,7/1/2012,2012,7,1,18:15
744333,9840659,TW,5,7/10/2012,2012,7,12,7:42
744928,9839377,TW,6,7/12/2012,2012,7,12,6:42
744773,9839142,TW,2,7/12/2012,2012,7,12,8:02
745067,9833891,TW,2,7/12/2012,2012,7,12,17:59
743107,9840362,TW,3,7/13/2012,2012,7,13,7:57
747483,9836463,TW,2,7/13/2012,2012,7,13,17:31
749932,9837064,TW,7,7/14/2012,2012,7,14,6:44
747032,9834842,TW,2,7/14/2012,2012,7,14,18:46
749964,9837106,TW,3,7/15/2012,2012,7,15,7:50
745076,9833618,TW,2,7/15/2012,2012,7,15,18:14
747660,9836700,TW,3,7/16/2012,2012,7,16,6:15
747797,9836633,TW,1,7/16/2012,2012,7,16,17:45
747488,9836544,TW,2,7/18/2012,2012,7,18,17:26
747466,9836471,TW,2,7/18/2012,2012,7,18,17:51
736873,9850568,TW,5,7/20/2012,2012,7,20,7:04
745310,9838783,TW,5,7/27/2012,2012,7,27,7:44
748807,9836032,TW,2,7/27/2012,2012,7,27,17:45
743097,9840863,TW,1,7/27/2012,2012,7,27,18:02
748324,9836427,TW,2,7/28/2012,2012,7,28,7:51
747625,9836452,TW,3,7/29/2012,2012,7,29,7:02
747625,9836452,TW,3,7/29/2012,2012,7,29,7:35
747613,9835319,TW,1,8/10/2012,2012,8,10,18:23
747281,9835571,TW,1,8/11/2012,2012,8,11,17:30
742592,9839001,TW,1,8/12/2012,2012,8,12,18:26
744395,9838300,TW,2,8/12/2012,2012,8,12,18:36
743487,9836400,TW,1,8/14/2012,2012,8,14,18:09
744059,9837094,TW,1,8/20/2012,2012,8,20,18:22
742232,9838688,TW,1,8/21/2012,2012,8,21,18:03
747880,9835456,TW,1,8/21/2012,2012,8,21,18:41
743365,9840268,TW,1,8/24/2012,2012,8,24,8:15
747815,9833923,TW,7,8/26/2012,2012,8,26,8:33
743070,9840214,TW,2,8/27/2012,2012,8,27,17:32
749658,9834052,TW,3,9/17/2012,2012,9,17,6:46
751716,9837596,TW,1,9/18/2012,2012,9,18,5:40
749718,9835115,TW,2,9/22/2012,2012,9,22,9:07
749761,9834352,TW,1,10/1/2012,2012,10,1,18:20
756976,9831352,TW,4,10/1/2012,2012,10,1,19:38
747654,9836426,TW,2,10/3/2012,2012,10,3,6:10
747848,9836728,TW,3,10/3/2012,2012,10,3,17:27
747819,9837154,TW,2,10/4/2012,2012,10,4,6:25
743126,9838114,TW,1,10/13/2012,2012,10,13,8:38
742674,9835341,TW,1,10/21/2012,2012,10,21,18:08
749051,9833964,TW,1,11/11/2012,2012,11,11,17:48
742941,9837637,TW,1,11/12/2012,2012,11,12,18:18
745085,9840608,TW,2,11/16/2012,2012,11,16,7:54
744910,9833782,TW,2,11/20/2012,2012,11,20,6:53
745159,9838256,TW,1,11/20/2012,2012,11,20,18:02
743141,9839026,TW,4,11/25/2012,2012,11,25,18:18
742834,9839211,TW,4,11/26/2012,2012,11,26,18:07
745312,9833612,TW,3,12/8/2012,2012,12,8,18:22
745229,9837857,TW,1,12/11/2012,2012,12,11,18:50
747319,9836899,TW,9,12/17/2012,2012,12,17,6:05
748177,9835091,TW,1,12/17/2012,2012,12,17,17:43
744672,9834730,TW,4,12/20/2012,2012,12,20,17:59
751471,9833756,TW,3,12/28/2012,2012,12,28,9:40
744459,9834026,TW,4,12/28/2012,2012,12,28,7:43
745333,9838112,TW,2,12/30/2012,2012,12,30,6:13
745333,9839440,TW,2,12/30/2012,2012,12,30,7:47
740807,9841756,FT,3,7/15/2012,2012,7,15,18:03
742900,9841091,FT,1,7/17/2012,2012,7,17,18:25
741209,9841014,FT,2,7/22/2012,2012,7,22,18:12
741183,9841502,FT,1,7/25/2012,2012,7,25,8:34
742530,9840911,FT,2,7/27/2012,2012,7,27,18:10
742591,9841454,FT,2,7/28/2012,2012,7,28,17:43
741860,9842062,FT,1,7/29/2012,2012,7,29,18:05
741387,9841681,FT,1,7/29/2012,2012,7,29,18:27
741676,9841157,FT,5,7/30/2012,2012,7,30,18:06
740762,9841843,FT,3,8/18/2012,2012,8,18,17:59
740774,9841664,FT,2,8/21/2012,2012,8,21,17:18
740335,9838508,FT,5,8/22/2012,2012,8,22,6:47
742622,9840307,FT,1,9/18/2012,2012,9,18,20:32
738786,9841402,FT,7,9/24/2012,2012,9,24,6:08
742005,9841180,FT,1,10/9/2012,2012,10,9,19:45
739868,9838222,FT,5,10/13/2012,2012,10,13,8:18
740831,9841284,FT,1,10/17/2012,2012,10,17,19:57
736696,9843248,FT,3,10/20/2012,2012,10,20,7:22
737079,9837701,FT,2,10/20/2012,2012,10,20,8:00
738368,9837004,FT,4,10/20/2012,2012,10,20,8:15
739825,9838090,FT,1,10/20/2012,2012,10,20,8:36
740199,9841743,FT,3,10/22/2012,2012,10,22,18:00
738877,9841423,FT,1,10/22/2012,2012,10,22,20:30
740727,9841981,FT,1,10/24/2012,2012,10,24,18:01
738670,9842470,FT,2,10/24/2012,2012,10,24,18:19
737852,9837980,FT,3,11/15/2012,2012,11,15,5:38
738433,9841216,FT,1,11/25/2012,2012,11,25,19:35
738844,9840747,FT,5,11/27/2012,2012,11,27,19:13
741834,9838466,FT,7,12/2/2012,2012,12,2,19:12
738029,9841662,FT,8,12/7/2012,2012,12,7,7:08
732195,9840607,MR,4,7/9/2012,2012,7,9,8:26
732773,9841076,MR,7,7/9/2012,2012,7,9,8:34
734932,9842156,MR,1,7/27/2012,2012,7,27,6:42
724891,9848072,MR,2,8/19/2012,2012,8,19,17:41
733461,9842409,MR,10,10/11/2012,2012,10,11,7:01
733844,9839166,MR,2,11/15/2012,2012,11,15,5:50
729885,9841127,MR,3,11/15/2012,2012,11,15,6:40
732700,9841308,MR,1,12/5/2012,2012,12,5,7:44
724498,9846522,SN,1,7/7/2012,2012,7,7,5:29
721834,9847328,SN,3,7/12/2012,2012,7,12,9:32
721834,9837328,SN,10,7/12/2012,2012,7,12,17:30
722445,9844752,SN,10,7/14/2012,2012,7,14,10:07
721955,9847704,SN,11,7/17/2012,2012,7,17,17:31
721109,9847720,SN,1,7/26/2012,2012,7,26,6:19
721959,9847704,SN,7,8/14/2012,2012,8,14,17:41
721969,9847698,SN,8,8/17/2012,2012,8,17,9:09
722052,9837772,SN,1,8/17/2012,2012,8,17,17:39
721938,9847700,SN,2,8/17/2012,2012,8,17,17:43
722270,9847362,SN,1,9/8/2012,2012,9,8,17:33
721834,9847328,SN,2,9/8/2012,2012,9,8,17:40
722765,9843344,SN,7,9/20/2012,2012,9,20,8:24
724600,9845570,SN,1,9/25/2012,2012,9,25,17:14
720151,9855010,SN,13,10/19/2012,2012,10,19,6:55
720498,9854890,SN,1,10/21/2012,2012,10,21,7:58
723486,9844931,SN,7,10/23/2012,2012,10,23,6:11
723757,9846920,SN,5,10/25/2012,2012,10,25,9:29
723727,9846890,SN,8,10/25/2012,2012,10,25,17:26
721013,9852241,SN,1,11/4/2012,2012,11,4,17:40
723338,9844660,SN,8,11/8/2012,2012,11,8,8:48
721986,9847712,SN,2,11/11/2012,2012,11,11,9:09
722958,9844658,SN,6,11/12/2012,2012,11,12,8:45
724495,9845741,SN,8,11/19/2012,2012,11,19,8:37
721313,9853398,SN,16,11/21/2012,2012,11,21,7:19
719499,9850220,SN,17,11/22/2012,2012,11,22,8:11
719800,9850971,SN,16,11/24/2012,2012,11,24,17:47
721256,9852926,SN,2,11/27/2012,2012,11,27,7:50
721252,9854619,SN,7,12/1/2012,2012,12,1,17:44
724170,9847034,SN,8,12/7/2012,2012,12,7,9:14
721877,9855977,SN,5,12/14/2012,2012,12,14,18:00
724508,9845969,SN,3,12/19/2012,2012,12,19,5:45
723739,9847175,SN,6,12/19/2012,2012,12,19,7:54
721407,9844790,SN,1,12/21/2012,2012,12,21,19:59
724529,9846377,SN,1,12/27/2012,2012,12,27,5:43
726928,9842102,SS,5,7/3/2012,2012,7,3,7:43
727382,9841994,SS,1,7/5/2012,2012,7,5,6:13
727144,9842026,SS,2,7/5/2012,2012,7,5,17:37
726898,9842132,SS,1,7/8/2012,2012,7,8,5:51
727946,9841036,SS,2,7/8/2012,2012,7,8,6:02
725657,9841858,SS,1,7/10/2012,2012,7,10,8:26
726706,9842338,SS,1,7/19/2012,2012,7,19,6:21
726766,9842190,SS,2,7/19/2012,2012,7,19,6:26
726877,9842582,SS,4,7/19/2012,2012,7,19,8:26
726761,9842232,SS,2,7/19/2012,2012,7,19,9:13
726694,9842326,SS,2,7/20/2012,2012,7,20,6:21
725211,9843535,SS,7,8/8/2012,2012,8,8,6:05
725176,9843616,SS,1,8/11/2012,2012,8,11,6:21
725319,9843084,SS,2,8/13/2012,2012,8,13,5:55
725284,9842814,SS,2,8/13/2012,2012,8,13,5:58
725432,9843202,SS,3,8/13/2012,2012,8,13,7:04
725275,9842556,SS,1,8/22/2012,2012,8,22,9:19
726882,9842530,SS,2,9/20/2012,2012,9,20,7:34
725286,9842822,SS,1,10/23/2012,2012,10,23,22:10
726571,9844004,SS,1,11/26/2012,2012,11,26,8:33
724409,9842191,SS,1,12/5/2012,2012,12,5,8:25
718289,9840100,HZ,2,9/2/2012,2012,9,2,18:01
717940,9842292,HZ,1,9/27/2012,2012,9,27,18:22
719039,9842617,HZ,1,9/29/2012,2012,9,29,6:12
723254,9844866,HZ,6,10/20/2012,2012,10,20,5:56
718707,9836905,HZ,1,11/21/2012,2012,11,21,18:22
742816,9839836,FT,1,9/13/2012,2012,9,13,7:35